INSERT INTO `qb_module` (`id`, `type`, `name`, `pre`, `dirname`, `domain`, `admindir`, `config`, `list`, `admingroup`, `adminmember`, `ifclose`) VALUES (39, 2, '点评频道', 'dianping_', 'dianping', '', '', 'a:7:{s:12:"list_PhpName";s:18:"list.php?&fid=$fid";s:12:"show_PhpName";s:29:"bencandy.php?&fid=$fid&id=$id";s:8:"MakeHtml";N;s:14:"list_HtmlName1";N;s:14:"show_HtmlName1";N;s:14:"list_HtmlName2";N;s:14:"show_HtmlName2";N;}', 80, '', '', 0);


INSERT INTO `qb_label` (`lid`, `name`, `ch`, `chtype`, `tag`, `type`, `typesystem`, `code`, `divcode`, `hide`, `js_time`, `uid`, `username`, `posttime`, `pagetype`, `module`, `fid`, `if_js`, `style`) VALUES ('', '', 0, 0, 'fashion_dianpingbigsortt1', 'Info_dianping_', 1, 'a:30:{s:13:"tplpart_1code";s:99:"<div class="list">・<A HREF="$url" target=\'_blank\'  style="$fontcolor;$fontweight">$title</a></div>";s:13:"tplpart_2code";s:0:"";s:3:"SYS";s:2:"wn";s:6:"wninfo";s:9:"dianping_";s:7:"typefid";N;s:6:"cityId";s:17:"$GLOBALS[city_id]";s:5:"width";s:3:"250";s:6:"height";s:3:"187";s:8:"rolltype";s:10:"scrollLeft";s:8:"rolltime";s:1:"3";s:11:"roll_height";s:2:"50";s:11:"content_num";s:2:"80";s:7:"newhour";s:2:"24";s:7:"hothits";s:2:"30";s:7:"tplpath";s:24:"/common_title/0title.jpg";s:6:"DivTpl";i:1;s:5:"fiddb";N;s:8:"moduleid";s:0:"";s:5:"stype";s:1:"t";s:2:"yz";s:3:"all";s:10:"timeformat";s:11:"Y-m-d H:i:s";s:5:"order";s:4:"hits";s:3:"asc";s:4:"DESC";s:6:"levels";s:3:"all";s:7:"rowspan";s:2:"10";s:3:"sql";s:135:"(SELECT * FROM qb_dianping_content  WHERE city_id=\'$GLOBALS[city_id]\'  AND city_id=\'$GLOBALS[city_id]\' ) ORDER BY hits DESC LIMIT 0,10 ";s:7:"colspan";s:1:"1";s:8:"titlenum";s:2:"40";s:10:"titleflood";s:1:"0";s:9:"start_num";s:1:"1";}', 'a:3:{s:5:"div_w";s:2:"50";s:5:"div_h";s:2:"30";s:11:"div_bgcolor";s:0:"";}', 0, 0, 1, 'admin', 1315278325, 2, 39, 0, 0, 'fashion_win');
INSERT INTO `qb_label` (`lid`, `name`, `ch`, `chtype`, `tag`, `type`, `typesystem`, `code`, `divcode`, `hide`, `js_time`, `uid`, `username`, `posttime`, `pagetype`, `module`, `fid`, `if_js`, `style`) VALUES ('', '', 0, 0, 'fashion_dianpingbigsortt2', 'code', 0, '<div class="list_rad"><a href="#" target="_blank"><img src="http://www_qibosoft_com/images/yellow/fenlie_adr1.gif" width="220" height="60"/></a></div>\r\n<div class="list_rad"><a href="#" target="_blank"><img src="http://www_qibosoft_com/images/yellow/fenlie_adr2.gif" width="220" height="60"/></a></div>\r\n<div class="list_rad"><a href="#" target="_blank"><img src="http://www_qibosoft_com/images/yellow/fenlie_adr3.gif" width="220" height="60"/></a></div>', 'a:4:{s:9:"html_edit";N;s:5:"div_w";s:0:"";s:5:"div_h";s:0:"";s:11:"div_bgcolor";s:0:"";}', 0, 0, 1, 'admin', 0, 2, 39, 0, 0, 'fashion_win');
INSERT INTO `qb_label` (`lid`, `name`, `ch`, `chtype`, `tag`, `type`, `typesystem`, `code`, `divcode`, `hide`, `js_time`, `uid`, `username`, `posttime`, `pagetype`, `module`, `fid`, `if_js`, `style`) VALUES ('', '', 0, 0, 'fashion_dianpingindexh1', 'code', 0, '在线客服', 'a:4:{s:9:"html_edit";N;s:5:"div_w";s:0:"";s:5:"div_h";s:0:"";s:11:"div_bgcolor";s:0:"";}', 0, 0, 1, 'admin', 0, 0, 39, 0, 0, 'fashion_win');
INSERT INTO `qb_label` (`lid`, `name`, `ch`, `chtype`, `tag`, `type`, `typesystem`, `code`, `divcode`, `hide`, `js_time`, `uid`, `username`, `posttime`, `pagetype`, `module`, `fid`, `if_js`, `style`) VALUES ('', '', 0, 0, 'fashion_dianpingindexh10', 'code', 0, '会员动态', 'a:4:{s:9:"html_edit";N;s:5:"div_w";s:0:"";s:5:"div_h";s:0:"";s:11:"div_bgcolor";s:0:"";}', 0, 0, 1, 'admin', 0, 0, 39, 0, 0, 'fashion_win');
INSERT INTO `qb_label` (`lid`, `name`, `ch`, `chtype`, `tag`, `type`, `typesystem`, `code`, `divcode`, `hide`, `js_time`, `uid`, `username`, `posttime`, `pagetype`, `module`, `fid`, `if_js`, `style`) VALUES ('', '', 0, 0, 'fashion_dianpingindexh2', 'code', 0, '最新点评', 'a:4:{s:9:"html_edit";N;s:5:"div_w";s:0:"";s:5:"div_h";s:0:"";s:11:"div_bgcolor";s:0:"";}', 0, 0, 1, 'admin', 0, 0, 39, 0, 0, 'fashion_win');
INSERT INTO `qb_label` (`lid`, `name`, `ch`, `chtype`, `tag`, `type`, `typesystem`, `code`, `divcode`, `hide`, `js_time`, `uid`, `username`, `posttime`, `pagetype`, `module`, `fid`, `if_js`, `style`) VALUES ('', '', 0, 0, 'fashion_dianpingindexh3', 'code', 0, '特色商家推荐', 'a:4:{s:9:"html_edit";N;s:5:"div_w";s:0:"";s:5:"div_h";s:0:"";s:11:"div_bgcolor";s:0:"";}', 0, 0, 1, 'admin', 0, 0, 39, 0, 0, 'fashion_win');
INSERT INTO `qb_label` (`lid`, `name`, `ch`, `chtype`, `tag`, `type`, `typesystem`, `code`, `divcode`, `hide`, `js_time`, `uid`, `username`, `posttime`, `pagetype`, `module`, `fid`, `if_js`, `style`) VALUES ('', '', 0, 0, 'fashion_dianpingindexh4', 'code', 0, '推荐店铺展示图片', 'a:4:{s:9:"html_edit";N;s:5:"div_w";s:0:"";s:5:"div_h";s:0:"";s:11:"div_bgcolor";s:0:"";}', 0, 0, 1, 'admin', 0, 0, 39, 0, 0, 'fashion_win');
INSERT INTO `qb_label` (`lid`, `name`, `ch`, `chtype`, `tag`, `type`, `typesystem`, `code`, `divcode`, `hide`, `js_time`, `uid`, `username`, `posttime`, `pagetype`, `module`, `fid`, `if_js`, `style`) VALUES ('', '', 0, 0, 'fashion_dianpingindexh5', 'code', 0, '点评分类', 'a:4:{s:9:"html_edit";N;s:5:"div_w";s:0:"";s:5:"div_h";s:0:"";s:11:"div_bgcolor";s:0:"";}', 0, 0, 1, 'admin', 0, 0, 39, 0, 0, 'fashion_win');
INSERT INTO `qb_label` (`lid`, `name`, `ch`, `chtype`, `tag`, `type`, `typesystem`, `code`, `divcode`, `hide`, `js_time`, `uid`, `username`, `posttime`, `pagetype`, `module`, `fid`, `if_js`, `style`) VALUES ('', '', 0, 0, 'fashion_dianpingindexh6', 'code', 0, '<div class="tag">推荐点评</div><div class="more"><a href="listall.php">更多点评</a></div>', 'a:4:{s:9:"html_edit";N;s:5:"div_w";s:0:"";s:5:"div_h";s:0:"";s:11:"div_bgcolor";s:0:"";}', 0, 0, 1, 'admin', 0, 0, 39, 0, 0, 'fashion_win');
INSERT INTO `qb_label` (`lid`, `name`, `ch`, `chtype`, `tag`, `type`, `typesystem`, `code`, `divcode`, `hide`, `js_time`, `uid`, `username`, `posttime`, `pagetype`, `module`, `fid`, `if_js`, `style`) VALUES ('', '', 0, 0, 'fashion_dianpingindexh7', 'code', 0, '会员点评', 'a:4:{s:9:"html_edit";N;s:5:"div_w";s:0:"";s:5:"div_h";s:0:"";s:11:"div_bgcolor";s:0:"";}', 0, 0, 1, 'admin', 0, 0, 39, 0, 0, 'fashion_win');
INSERT INTO `qb_label` (`lid`, `name`, `ch`, `chtype`, `tag`, `type`, `typesystem`, `code`, `divcode`, `hide`, `js_time`, `uid`, `username`, `posttime`, `pagetype`, `module`, `fid`, `if_js`, `style`) VALUES ('', '', 0, 0, 'fashion_dianpingindexh8', 'code', 0, '热门点评排行榜', 'a:4:{s:9:"html_edit";N;s:5:"div_w";s:0:"";s:5:"div_h";s:0:"";s:11:"div_bgcolor";s:0:"";}', 0, 0, 1, 'admin', 0, 0, 39, 0, 0, 'fashion_win');
INSERT INTO `qb_label` (`lid`, `name`, `ch`, `chtype`, `tag`, `type`, `typesystem`, `code`, `divcode`, `hide`, `js_time`, `uid`, `username`, `posttime`, `pagetype`, `module`, `fid`, `if_js`, `style`) VALUES ('', '', 0, 0, 'fashion_dianpingindexh9', 'code', 0, '最新点评', 'a:4:{s:9:"html_edit";N;s:5:"div_w";s:0:"";s:5:"div_h";s:0:"";s:11:"div_bgcolor";s:0:"";}', 0, 0, 1, 'admin', 0, 0, 39, 0, 0, 'fashion_win');
INSERT INTO `qb_label` (`lid`, `name`, `ch`, `chtype`, `tag`, `type`, `typesystem`, `code`, `divcode`, `hide`, `js_time`, `uid`, `username`, `posttime`, `pagetype`, `module`, `fid`, `if_js`, `style`) VALUES ('', '', 0, 0, 'fashion_dianpingindext0', 'code', 0, '<dl class="cc1">\r\n    <dt>咨询电话:</dt>\r\n    <dd>4000-2888-68</dd>\r\n</dl>\r\n<dl class="cc2">\r\n    <dt>在线客服:</dt>\r\n    <dd>\r\n    <div><a target="_blank" href=" http://wpa.qq.com/msgrd?v=3&uin=121727818&site=qq&menu=yes"><img src=" http://wpa.qq.com/pa?p=2:121727818:41" /></a></div>\r\n	<div><a target="_blank" href=" http://wpa.qq.com/msgrd?v=3&uin=27781017&site=qq&menu=yes"><img src=" http://wpa.qq.com/pa?p=2:27781017:41" /></a></div>\r\n    </dd>\r\n</dl>\r\n<dl class="cc3">\r\n    <dt>工作时间:</dt>\r\n    <dd>周一至周六 8:00-17:30</dd>\r\n</dl>', 'a:4:{s:9:"html_edit";N;s:5:"div_w";s:0:"";s:5:"div_h";s:0:"";s:11:"div_bgcolor";s:0:"";}', 0, 0, 1, 'admin', 0, 0, 39, 0, 0, 'fashion_win');
INSERT INTO `qb_label` (`lid`, `name`, `ch`, `chtype`, `tag`, `type`, `typesystem`, `code`, `divcode`, `hide`, `js_time`, `uid`, `username`, `posttime`, `pagetype`, `module`, `fid`, `if_js`, `style`) VALUES ('', '', 0, 0, 'fashion_dianpingindext1', 'rollpic', 0, 'a:7:{s:13:"tplpart_1code";s:798:"<script src="http://www_qibosoft_com/images/fashion/news/jquery.js" type="text/javascript"></script>\r\n <ul class="slidePic">\r\n<!--\r\nEOT;\r\n$i=0;\r\nforeach($listdb AS $rs){extract($rs);\r\n$i++;\r\nif($i==1)$curword="class=cur";\r\nelse $curword="";\r\nprint <<<EOT\r\n-->\r\n    <li $curword><a href="$url"  target="_blank"><IMG alt="$title" src="$picurl" width=480 height=200 /></a></li>\r\n<!--\r\nEOT;\r\n}\r\nprint <<<EOT\r\n-->\r\n  </ul>\r\n  <ul class="slideTxt">\r\n<!--\r\nEOT;\r\n$i=0;\r\nforeach($listdb AS $rs){extract($rs);\r\n$i++;\r\nif($i==1)$curword="class=cur";\r\nelse $curword="";\r\nprint <<<EOT\r\n-->\r\n    <li $curword><a href="$url"  target="_blank" title="$title">$i</a></li>\r\n<!--\r\nEOT;\r\n}\r\nprint <<<EOT\r\n-->\r\n  </ul>\r\n<script type="text/javascript" src="http://www_qibosoft_com/images/fashion/news/slide.js"></script>";s:8:"rolltype";s:1:"2";s:5:"width";s:0:"";s:6:"height";s:0:"";s:6:"picurl";a:5:{i:1;s:32:"../images/fashion/dianping/1.jpg";i:2;s:32:"../images/fashion/dianping/2.jpg";i:3;s:32:"../images/fashion/dianping/3.jpg";i:4;s:32:"../images/fashion/dianping/4.jpg";i:5;s:32:"../images/fashion/dianping/5.jpg";}s:7:"piclink";a:5:{i:1;s:1:"#";i:2;s:1:"#";i:3;s:1:"#";i:4;s:1:"#";i:5;s:1:"#";}s:6:"picalt";a:5:{i:1;s:5:"标题1";i:2;s:5:"标题b";i:3;s:5:"标题c";i:4;s:5:"标题d";i:5;s:5:"标题e";}}', 'a:3:{s:5:"div_w";s:0:"";s:5:"div_h";s:0:"";s:11:"div_bgcolor";s:0:"";}', 0, 0, 1, 'admin', 0, 0, 39, 0, 0, 'fashion_win');
INSERT INTO `qb_label` (`lid`, `name`, `ch`, `chtype`, `tag`, `type`, `typesystem`, `code`, `divcode`, `hide`, `js_time`, `uid`, `username`, `posttime`, `pagetype`, `module`, `fid`, `if_js`, `style`) VALUES ('', '', 0, 0, 'fashion_dianpingindext10', 'member', 1, 'a:21:{s:9:"tplpart_1";s:570:"<!--\r\nEOT;\r\nforeach($listdb AS $rs){extract($rs);\r\n$regdate=date("Y-m-d H:i:s",$regdate);\r\n$picurl=$picurl?$picurl:"$webdb[www_url]/images/default/noface.gif";\r\n$counum=$mart_price-$price;\r\nprint <<<EOT\r\n-->\r\n<div class="listm"> \r\n<div class="img"><a href="$webdb[www_url]/member/homepage.php?uid=$uid" target="_blank"><img height="45" src="$picurl" /></a></div>\r\n<div class="t"><A HREF="$webdb[www_url]/member/homepage.php?uid=$uid" title=\'$full_title\' target="_blank">$title</A></div>\r\n<div class="d">注册日期:{$regdate}</div>\r\n</div>\r\n<!--\r\nEOT;\r\n}\r\nprint <<<EOT\r\n-->";s:13:"tplpart_1code";s:570:"<!--\r\nEOT;\r\nforeach($listdb AS $rs){extract($rs);\r\n$regdate=date("Y-m-d H:i:s",$regdate);\r\n$picurl=$picurl?$picurl:"$webdb[www_url]/images/default/noface.gif";\r\n$counum=$mart_price-$price;\r\nprint <<<EOT\r\n-->\r\n<div class="listm"> \r\n<div class="img"><a href="$webdb[www_url]/member/homepage.php?uid=$uid" target="_blank"><img height="45" src="$picurl" /></a></div>\r\n<div class="t"><A HREF="$webdb[www_url]/member/homepage.php?uid=$uid" title=\'$full_title\' target="_blank">$title</A></div>\r\n<div class="d">注册日期:{$regdate}</div>\r\n</div>\r\n<!--\r\nEOT;\r\n}\r\nprint <<<EOT\r\n-->";s:13:"tplpart_2code";s:0:"";s:7:"group_1";s:0:"";s:7:"group_2";s:0:"";s:13:"RollStyleType";s:0:"";s:7:"tplpath";s:15:"/member/img.jpg";s:6:"DivTpl";i:1;s:5:"fiddb";N;s:5:"stype";s:1:"p";s:2:"yz";s:3:"all";s:10:"timeformat";s:11:"Y-m-d H:i:s";s:5:"order";s:7:"regdate";s:3:"asc";s:4:"DESC";s:6:"levels";N;s:7:"rowspan";s:1:"4";s:3:"sql";s:137:" SELECT D.*,D.username AS title,D.icon AS picurl,D.introduce AS content FROM qb_memberdata D  WHERE 1  ORDER BY D.regdate DESC LIMIT 0,4 ";s:7:"colspan";s:1:"1";s:8:"titlenum";s:2:"20";s:10:"titleflood";s:1:"0";s:9:"start_num";s:1:"1";}', 'a:3:{s:5:"div_w";s:2:"50";s:5:"div_h";s:2:"30";s:11:"div_bgcolor";s:0:"";}', 0, 0, 1, 'admin', 1315211501, 0, 39, 0, 0, 'fashion_win');
INSERT INTO `qb_label` (`lid`, `name`, `ch`, `chtype`, `tag`, `type`, `typesystem`, `code`, `divcode`, `hide`, `js_time`, `uid`, `username`, `posttime`, `pagetype`, `module`, `fid`, `if_js`, `style`) VALUES ('', '', 0, 0, 'fashion_dianpingindext2', 'Info_dianping_', 1, 'a:30:{s:13:"tplpart_1code";s:98:"<div class="list"><a href="$url" target="_blank">$title</a><span>{$time_m}-{$time_d}</span></div> ";s:13:"tplpart_2code";s:0:"";s:3:"SYS";s:2:"wn";s:6:"wninfo";s:9:"dianping_";s:7:"typefid";N;s:6:"cityId";s:17:"$GLOBALS[city_id]";s:5:"width";s:3:"250";s:6:"height";s:3:"187";s:8:"rolltype";s:10:"scrollLeft";s:8:"rolltime";s:1:"3";s:11:"roll_height";s:2:"50";s:11:"content_num";s:2:"80";s:7:"newhour";s:2:"24";s:7:"hothits";s:2:"30";s:7:"tplpath";s:0:"";s:6:"DivTpl";i:1;s:5:"fiddb";N;s:8:"moduleid";s:0:"";s:5:"stype";s:1:"4";s:2:"yz";s:3:"all";s:10:"timeformat";s:11:"Y-m-d H:i:s";s:5:"order";s:4:"list";s:3:"asc";s:4:"DESC";s:6:"levels";s:3:"all";s:7:"rowspan";s:1:"4";s:3:"sql";s:134:"(SELECT * FROM qb_dianping_content  WHERE city_id=\'$GLOBALS[city_id]\'  AND city_id=\'$GLOBALS[city_id]\' ) ORDER BY list DESC LIMIT 0,4 ";s:7:"colspan";s:1:"1";s:8:"titlenum";s:2:"26";s:10:"titleflood";s:1:"0";s:9:"start_num";s:1:"1";}', 'a:3:{s:5:"div_w";s:2:"50";s:5:"div_h";s:2:"30";s:11:"div_bgcolor";s:0:"";}', 0, 0, 1, 'admin', 1314943240, 0, 39, 0, 0, 'fashion_win');
INSERT INTO `qb_label` (`lid`, `name`, `ch`, `chtype`, `tag`, `type`, `typesystem`, `code`, `divcode`, `hide`, `js_time`, `uid`, `username`, `posttime`, `pagetype`, `module`, `fid`, `if_js`, `style`) VALUES ('', '', 0, 0, 'fashion_dianpingindext3', 'Info_dianping_', 1, 'a:30:{s:13:"tplpart_1code";s:125:"<div class="list"><a href="$list_url" target="_blank" class="f">[{$fname}]</a><a href="$url" target="_blank">$title</a></div>";s:13:"tplpart_2code";s:0:"";s:3:"SYS";s:2:"wn";s:6:"wninfo";s:9:"dianping_";s:7:"typefid";N;s:6:"cityId";s:17:"$GLOBALS[city_id]";s:5:"width";s:3:"250";s:6:"height";s:3:"187";s:8:"rolltype";s:10:"scrollLeft";s:8:"rolltime";s:1:"3";s:11:"roll_height";s:2:"50";s:11:"content_num";s:2:"80";s:7:"newhour";s:2:"24";s:7:"hothits";s:2:"30";s:7:"tplpath";s:0:"";s:6:"DivTpl";i:1;s:5:"fiddb";N;s:8:"moduleid";s:0:"";s:5:"stype";s:1:"4";s:2:"yz";s:3:"all";s:10:"timeformat";s:11:"Y-m-d H:i:s";s:5:"order";s:4:"list";s:3:"asc";s:4:"DESC";s:6:"levels";s:3:"all";s:7:"rowspan";s:2:"10";s:3:"sql";s:135:"(SELECT * FROM qb_dianping_content  WHERE city_id=\'$GLOBALS[city_id]\'  AND city_id=\'$GLOBALS[city_id]\' ) ORDER BY list DESC LIMIT 0,10 ";s:7:"colspan";s:1:"1";s:8:"titlenum";s:2:"40";s:10:"titleflood";s:1:"0";s:9:"start_num";s:1:"1";}', 'a:3:{s:5:"div_w";s:2:"50";s:5:"div_h";s:2:"30";s:11:"div_bgcolor";s:0:"";}', 0, 0, 1, 'admin', 0, 0, 39, 0, 0, 'fashion_win');
INSERT INTO `qb_label` (`lid`, `name`, `ch`, `chtype`, `tag`, `type`, `typesystem`, `code`, `divcode`, `hide`, `js_time`, `uid`, `username`, `posttime`, `pagetype`, `module`, `fid`, `if_js`, `style`) VALUES ('', '', 0, 0, 'fashion_dianpingindext4', 'Info_dianping_', 1, 'a:30:{s:13:"tplpart_1code";s:231:"<li>\r\n<div class="img"><a href="$url" target="_blank"><img src="$picurl" onerror="this.src=\'$webdb[www_url]/images/default/nopic.jpg\'" height="100"/></a> </div>\r\n<div class="t"><a href="$url" target="_blank">$title</a></div>\r\n</li>";s:13:"tplpart_2code";s:0:"";s:3:"SYS";s:2:"wn";s:6:"wninfo";s:9:"dianping_";s:7:"typefid";N;s:6:"cityId";s:17:"$GLOBALS[city_id]";s:5:"width";s:3:"250";s:6:"height";s:3:"187";s:8:"rolltype";s:10:"scrollLeft";s:8:"rolltime";s:1:"3";s:11:"roll_height";s:2:"50";s:11:"content_num";s:2:"80";s:7:"newhour";s:2:"24";s:7:"hothits";s:2:"30";s:7:"tplpath";s:0:"";s:6:"DivTpl";i:1;s:5:"fiddb";N;s:8:"moduleid";s:0:"";s:5:"stype";s:1:"p";s:2:"yz";s:3:"all";s:10:"timeformat";s:11:"Y-m-d H:i:s";s:5:"order";s:4:"list";s:3:"asc";s:4:"DESC";s:6:"levels";s:3:"all";s:7:"rowspan";s:1:"9";s:3:"sql";s:146:"(SELECT * FROM qb_dianping_content  WHERE ispic=1 AND city_id=\'$GLOBALS[city_id]\'  AND city_id=\'$GLOBALS[city_id]\' ) ORDER BY list DESC LIMIT 0,9 ";s:7:"colspan";s:1:"1";s:8:"titlenum";s:2:"20";s:10:"titleflood";s:1:"0";s:9:"start_num";s:1:"1";}', 'a:3:{s:5:"div_w";s:2:"50";s:5:"div_h";s:2:"30";s:11:"div_bgcolor";s:0:"";}', 0, 0, 1, 'admin', 1315982936, 0, 39, 0, 0, 'fashion_win');
INSERT INTO `qb_label` (`lid`, `name`, `ch`, `chtype`, `tag`, `type`, `typesystem`, `code`, `divcode`, `hide`, `js_time`, `uid`, `username`, `posttime`, `pagetype`, `module`, `fid`, `if_js`, `style`) VALUES ('', '', 0, 0, 'fashion_dianpingindext5', 'pic', 0, 'a:4:{s:6:"imgurl";s:34:"../images/fashion/dianping/ad1.gif";s:7:"imglink";s:1:"#";s:5:"width";s:3:"980";s:6:"height";s:2:"70";}', 'a:3:{s:5:"div_w";s:0:"";s:5:"div_h";s:0:"";s:11:"div_bgcolor";s:0:"";}', 0, 0, 1, 'admin', 0, 0, 39, 0, 0, 'fashion_win');
INSERT INTO `qb_label` (`lid`, `name`, `ch`, `chtype`, `tag`, `type`, `typesystem`, `code`, `divcode`, `hide`, `js_time`, `uid`, `username`, `posttime`, `pagetype`, `module`, `fid`, `if_js`, `style`) VALUES ('', '', 0, 0, 'fashion_dianpingindext6', 'Info_dianping_', 1, 'a:30:{s:13:"tplpart_1code";s:127:"<div class="listd"><span class="span$i">$i</span><a href="$url" target="_blank">$title</a><em><font>{$hits}</font>次</em></div>";s:13:"tplpart_2code";s:0:"";s:3:"SYS";s:2:"wn";s:6:"wninfo";s:9:"dianping_";s:7:"typefid";N;s:6:"cityId";s:17:"$GLOBALS[city_id]";s:5:"width";s:3:"250";s:6:"height";s:3:"187";s:8:"rolltype";s:10:"scrollLeft";s:8:"rolltime";s:1:"3";s:11:"roll_height";s:2:"50";s:11:"content_num";s:2:"80";s:7:"newhour";s:2:"24";s:7:"hothits";s:2:"30";s:7:"tplpath";s:0:"";s:6:"DivTpl";i:1;s:5:"fiddb";N;s:8:"moduleid";s:0:"";s:5:"stype";s:1:"4";s:2:"yz";s:3:"all";s:10:"timeformat";s:11:"Y-m-d H:i:s";s:5:"order";s:4:"hits";s:3:"asc";s:4:"DESC";s:6:"levels";s:3:"all";s:7:"rowspan";s:2:"10";s:3:"sql";s:135:"(SELECT * FROM qb_dianping_content  WHERE city_id=\'$GLOBALS[city_id]\'  AND city_id=\'$GLOBALS[city_id]\' ) ORDER BY hits DESC LIMIT 0,10 ";s:7:"colspan";s:1:"1";s:8:"titlenum";s:2:"26";s:10:"titleflood";s:1:"0";s:9:"start_num";s:1:"1";}', 'a:3:{s:5:"div_w";s:2:"50";s:5:"div_h";s:2:"30";s:11:"div_bgcolor";s:0:"";}', 0, 0, 1, 'admin', 1315195100, 0, 39, 0, 0, 'fashion_win');
INSERT INTO `qb_label` (`lid`, `name`, `ch`, `chtype`, `tag`, `type`, `typesystem`, `code`, `divcode`, `hide`, `js_time`, `uid`, `username`, `posttime`, `pagetype`, `module`, `fid`, `if_js`, `style`) VALUES ('', '', 0, 0, 'fashion_dianpingindext7', 'Info_dianping_', 1, 'a:30:{s:13:"tplpart_1code";s:458:"<div class="listpic">\r\n<div class="img"><div><a href="$url" target="_blank"><img src="$picurl" onerror="this.src=\'$webdb[www_url]/images/default/nopic.jpg\'" width="110" /></a></div></div>\r\n<div class="word">\r\n<div class="t"><a href="$url" target="_blank" class="title">$title</a></div>\r\n<div class="m">发布日期:{$time_Y}年{$time_m}月{$time_d}日</div>\r\n<div class="m">所属栏目:<a href="$list_url" target="_blank" class="f">[{$fname}]</a></div>\r\n</div>\r\n</div>";s:13:"tplpart_2code";s:0:"";s:3:"SYS";s:2:"wn";s:6:"wninfo";s:9:"dianping_";s:7:"typefid";N;s:6:"cityId";s:17:"$GLOBALS[city_id]";s:5:"width";s:3:"250";s:6:"height";s:3:"187";s:8:"rolltype";s:10:"scrollLeft";s:8:"rolltime";s:1:"3";s:11:"roll_height";s:2:"50";s:11:"content_num";s:2:"80";s:7:"newhour";s:2:"24";s:7:"hothits";s:2:"30";s:7:"tplpath";s:0:"";s:6:"DivTpl";i:1;s:5:"fiddb";N;s:8:"moduleid";s:0:"";s:5:"stype";s:1:"p";s:2:"yz";s:3:"all";s:10:"timeformat";s:11:"Y-m-d H:i:s";s:5:"order";s:10:"levelstime";s:3:"asc";s:4:"DESC";s:6:"levels";s:3:"all";s:7:"rowspan";s:1:"8";s:3:"sql";s:152:"(SELECT * FROM qb_dianping_content  WHERE ispic=1 AND city_id=\'$GLOBALS[city_id]\'  AND city_id=\'$GLOBALS[city_id]\' ) ORDER BY levelstime DESC LIMIT 0,8 ";s:7:"colspan";s:1:"1";s:8:"titlenum";s:2:"40";s:10:"titleflood";s:1:"0";s:9:"start_num";s:1:"1";}', 'a:3:{s:5:"div_w";s:2:"50";s:5:"div_h";s:2:"30";s:11:"div_bgcolor";s:0:"";}', 0, 0, 1, 'admin', 0, 0, 39, 0, 0, 'fashion_win');
INSERT INTO `qb_label` (`lid`, `name`, `ch`, `chtype`, `tag`, `type`, `typesystem`, `code`, `divcode`, `hide`, `js_time`, `uid`, `username`, `posttime`, `pagetype`, `module`, `fid`, `if_js`, `style`) VALUES ('', '', 0, 0, 'fashion_dianpingindext8', 'pic', 0, 'a:4:{s:6:"imgurl";s:34:"../images/fashion/dianping/ad2.gif";s:7:"imglink";s:1:"#";s:5:"width";s:3:"230";s:6:"height";s:2:"70";}', 'a:3:{s:5:"div_w";s:0:"";s:5:"div_h";s:0:"";s:11:"div_bgcolor";s:0:"";}', 0, 0, 1, 'admin', 0, 0, 39, 0, 0, 'fashion_win');
INSERT INTO `qb_label` (`lid`, `name`, `ch`, `chtype`, `tag`, `type`, `typesystem`, `code`, `divcode`, `hide`, `js_time`, `uid`, `username`, `posttime`, `pagetype`, `module`, `fid`, `if_js`, `style`) VALUES ('', '', 0, 0, 'fashion_dianpingindext9', 'Info_dianping_', 1, 'a:30:{s:13:"tplpart_1code";s:186:"<div class="listn">\r\n<div class="t"><a href="$url" target="_blank" class="title">$title</a></div>\r\n<div class="address">{$address}</div>\r\n<div class="d">{$time_m}-{$time_d}</div>\r\n</div>";s:13:"tplpart_2code";s:0:"";s:3:"SYS";s:2:"wn";s:6:"wninfo";s:9:"dianping_";s:7:"typefid";N;s:6:"cityId";s:17:"$GLOBALS[city_id]";s:5:"width";s:3:"250";s:6:"height";s:3:"187";s:8:"rolltype";s:10:"scrollLeft";s:8:"rolltime";s:1:"3";s:11:"roll_height";s:2:"50";s:11:"content_num";s:2:"80";s:7:"newhour";s:2:"24";s:7:"hothits";s:2:"30";s:7:"tplpath";s:0:"";s:6:"DivTpl";i:1;s:5:"fiddb";N;s:8:"moduleid";s:0:"";s:5:"stype";s:1:"4";s:2:"yz";s:3:"all";s:10:"timeformat";s:11:"Y-m-d H:i:s";s:5:"order";s:4:"list";s:3:"asc";s:4:"DESC";s:6:"levels";s:3:"all";s:7:"rowspan";s:1:"5";s:3:"sql";s:134:"(SELECT * FROM qb_dianping_content  WHERE city_id=\'$GLOBALS[city_id]\'  AND city_id=\'$GLOBALS[city_id]\' ) ORDER BY list DESC LIMIT 0,5 ";s:7:"colspan";s:1:"1";s:8:"titlenum";s:2:"40";s:10:"titleflood";s:1:"0";s:9:"start_num";s:1:"1";}', 'a:3:{s:5:"div_w";s:2:"50";s:5:"div_h";s:2:"30";s:11:"div_bgcolor";s:0:"";}', 0, 0, 1, 'admin', 1315211786, 0, 39, 0, 0, 'fashion_win');
    

# --------------------------------------------------------

#
# 表的结构 `qb_dianping_buyad`
#

DROP TABLE IF EXISTS `qb_dianping_buyad`;
CREATE TABLE `qb_dianping_buyad` (
  `aid` mediumint(7) NOT NULL auto_increment,
  `sortid` mediumint(7) NOT NULL default '0',
  `cityid` mediumint(7) NOT NULL default '0',
  `id` int(10) NOT NULL default '0',
  `mid` mediumint(7) NOT NULL default '0',
  `uid` mediumint(7) NOT NULL default '0',
  `begintime` int(10) NOT NULL default '0',
  `endtime` int(10) NOT NULL default '0',
  `money` mediumint(7) NOT NULL default '0',
  `hits` mediumint(7) NOT NULL default '0',
  PRIMARY KEY  (`aid`),
  KEY `sortid` (`sortid`,`money`,`endtime`,`cityid`)
) TYPE=MyISAM AUTO_INCREMENT=1 ;

#
# 导出表中的数据 `qb_dianping_buyad`
#


# --------------------------------------------------------

#
# 表的结构 `qb_dianping_class`
#

DROP TABLE IF EXISTS `qb_dianping_class`;
CREATE TABLE `qb_dianping_class` (
  `fid` int(7) NOT NULL auto_increment,
  `fup` int(7) NOT NULL default '0',
  `name` varchar(60) NOT NULL default '',
  `list` int(10) NOT NULL default '0',
  PRIMARY KEY  (`fid`),
  KEY `fup` (`fup`)
) TYPE=MyISAM AUTO_INCREMENT=43 ;

#
# 导出表中的数据 `qb_dianping_class`
#

INSERT INTO `qb_dianping_class` VALUES (31, 0, '岗位类型', 1);
INSERT INTO `qb_dianping_class` VALUES (32, 31, '计算机/互联网类', 0);
INSERT INTO `qb_dianping_class` VALUES (33, 31, '人力资源/行政/文职人员', 0);
INSERT INTO `qb_dianping_class` VALUES (34, 31, '医疗卫生/美容保健', 0);
INSERT INTO `qb_dianping_class` VALUES (38, 34, '护士/护理人员', 0);
INSERT INTO `qb_dianping_class` VALUES (37, 34, '医生/医师', 0);
INSERT INTO `qb_dianping_class` VALUES (39, 33, '文员/秘书', 0);
INSERT INTO `qb_dianping_class` VALUES (40, 33, '行政/人力资源总监', 0);
INSERT INTO `qb_dianping_class` VALUES (41, 32, '软件工程师', 0);
INSERT INTO `qb_dianping_class` VALUES (42, 32, '硬件工程师', 0);

# --------------------------------------------------------

#
# 表的结构 `qb_dianping_collection`
#

DROP TABLE IF EXISTS `qb_dianping_collection`;
CREATE TABLE `qb_dianping_collection` (
  `cid` mediumint(7) NOT NULL auto_increment,
  `id` mediumint(7) NOT NULL default '0',
  `uid` mediumint(7) NOT NULL default '0',
  `posttime` int(10) NOT NULL default '0',
  PRIMARY KEY  (`cid`)
) TYPE=MyISAM AUTO_INCREMENT=1 ;

#
# 导出表中的数据 `qb_dianping_collection`
#


# --------------------------------------------------------

#
# 表的结构 `qb_dianping_comments`
#

DROP TABLE IF EXISTS `qb_dianping_comments`;
CREATE TABLE `qb_dianping_comments` (
  `cid` mediumint(7) unsigned NOT NULL auto_increment,
  `cuid` int(7) NOT NULL default '0',
  `type` tinyint(2) NOT NULL default '0',
  `id` int(10) unsigned NOT NULL default '0',
  `fid` mediumint(7) unsigned NOT NULL default '0',
  `uid` mediumint(7) unsigned NOT NULL default '0',
  `username` varchar(30) NOT NULL default '',
  `posttime` int(10) NOT NULL default '0',
  `content` text NOT NULL,
  `ip` varchar(15) NOT NULL default '',
  `icon` tinyint(3) NOT NULL default '0',
  `yz` tinyint(1) NOT NULL default '0',
  `flowers` smallint(4) NOT NULL default '0',
  `egg` smallint(4) NOT NULL default '0',
  PRIMARY KEY  (`cid`),
  KEY `type` (`type`)
) TYPE=MyISAM AUTO_INCREMENT=1 ;

#
# 导出表中的数据 `qb_dianping_comments`
#


# --------------------------------------------------------

#
# 表的结构 `qb_dianping_config`
#

DROP TABLE IF EXISTS `qb_dianping_config`;
CREATE TABLE `qb_dianping_config` (
  `c_key` varchar(50) NOT NULL default '',
  `c_value` text NOT NULL,
  `c_descrip` text NOT NULL,
  PRIMARY KEY  (`c_key`)
) TYPE=MyISAM;

#
# 导出表中的数据 `qb_dianping_config`
#

INSERT INTO `qb_dianping_config` VALUES ('AdInfoListLeng', '40', '');
INSERT INTO `qb_dianping_config` VALUES ('Info_PostMaxNum', '20', '');
INSERT INTO `qb_dianping_config` VALUES ('Info_TopNum', '5', '');
INSERT INTO `qb_dianping_config` VALUES ('AdInfoSortShow', '10', '');
INSERT INTO `qb_dianping_config` VALUES ('AdInfoShowTime', '100', '');
INSERT INTO `qb_dianping_config` VALUES ('Info_feedbackID', '111111', '');
INSERT INTO `qb_dianping_config` VALUES ('Info_MakeIndexHtmlTime', '0', '');
INSERT INTO `qb_dianping_config` VALUES ('ErrSortMoney', '13', '');
INSERT INTO `qb_dianping_config` VALUES ('Info_DelKeyword', '暴乱\r\n反动', '');
INSERT INTO `qb_dianping_config` VALUES ('Info_PostMaxLeng', '100000', '');
INSERT INTO `qb_dianping_config` VALUES ('Info_RepeatPostNum', '3', '');
INSERT INTO `qb_dianping_config` VALUES ('Info_postCkMob', '0', '');
INSERT INTO `qb_dianping_config` VALUES ('Info_postCkIp', '0', '');
INSERT INTO `qb_dianping_config` VALUES ('DelOtherCommentMoney', '12', '');
INSERT INTO `qb_dianping_config` VALUES ('otherCardMoney', '11', '');
INSERT INTO `qb_dianping_config` VALUES ('permitMoney', '10', '');
INSERT INTO `qb_dianping_config` VALUES ('IDcardMoney', '9', '');
INSERT INTO `qb_dianping_config` VALUES ('EmailYzMoney', '8', '');
INSERT INTO `qb_dianping_config` VALUES ('ReportMoney', '7', '');
INSERT INTO `qb_dianping_config` VALUES ('GoodCommentMoney', '6', '');
INSERT INTO `qb_dianping_config` VALUES ('PublicizeRegMoney', '5', '');
INSERT INTO `qb_dianping_config` VALUES ('ALLInfoMoney', '4', '');
INSERT INTO `qb_dianping_config` VALUES ('Info_loginTime', '16', '');
INSERT INTO `qb_dianping_config` VALUES ('Info_loginMoney', '3', '');
INSERT INTO `qb_dianping_config` VALUES ('Info_regmoney', '1', '');
INSERT INTO `qb_dianping_config` VALUES ('illInfoMoney', '14', '');
INSERT INTO `qb_dianping_config` VALUES ('DelReportMoney', '15', '');
INSERT INTO `qb_dianping_config` VALUES ('Jump_allcity', '0', '');
INSERT INTO `qb_dianping_config` VALUES ('Jump_fromarea', '1', '');
INSERT INTO `qb_dianping_config` VALUES ('Info_TopMoney', '3', '');
INSERT INTO `qb_dianping_config` VALUES ('Info_closeWhy', '网站维护当中,暂停开放', '');
INSERT INTO `qb_dianping_config` VALUES ('sort_layout', '10,9,150,165#2,4#1,5,3#6,7,8#', '');
INSERT INTO `qb_dianping_config` VALUES ('Info_GroupCommentYzImg', '2,3,4,8,9', '');
INSERT INTO `qb_dianping_config` VALUES ('Info_GroupPostYzImg', '2,3,4,8,9', '');
INSERT INTO `qb_dianping_config` VALUES ('Info_weburl', '', '');
INSERT INTO `qb_dianping_config` VALUES ('ForbidPostIp', '', '');
INSERT INTO `qb_dianping_config` VALUES ('AdInfoIndexLeng', '', '');
INSERT INTO `qb_dianping_config` VALUES ('Info_ForbidMemberViewContact', '0', '');
INSERT INTO `qb_dianping_config` VALUES ('Info_ShowSearchContact', '0', '');
INSERT INTO `qb_dianping_config` VALUES ('Info_ImgShopContact', '0', '');
INSERT INTO `qb_dianping_config` VALUES ('Info_ForbidGuesViewContact', '0', '');
INSERT INTO `qb_dianping_config` VALUES ('Info_TopDay', '2', '');
INSERT INTO `qb_dianping_config` VALUES ('ForbidPostMember', '', '');
INSERT INTO `qb_dianping_config` VALUES ('Info_cityPost', '0', '');
INSERT INTO `qb_dianping_config` VALUES ('AdInfoBigsortShow', '15', '');
INSERT INTO `qb_dianping_config` VALUES ('InfoIndexCSRow', '', '');
INSERT INTO `qb_dianping_config` VALUES ('Force_Choose_City', '0', '');
INSERT INTO `qb_dianping_config` VALUES ('post_htmlType', '0', '');
INSERT INTO `qb_dianping_config` VALUES ('Info_Searchkeyword', '0', '');
INSERT INTO `qb_dianping_config` VALUES ('Post_group_UpPhoto', '', '');
INSERT INTO `qb_dianping_config` VALUES ('Info_forbidOutPost', '1', '');
INSERT INTO `qb_dianping_config` VALUES ('Info_MemberPostRepeat', '0', '');
INSERT INTO `qb_dianping_config` VALUES ('Info_GuestPostRepeat', '0', '');
INSERT INTO `qb_dianping_config` VALUES ('Info_MemberPostMoney', '2', '');
INSERT INTO `qb_dianping_config` VALUES ('InfoIndexLeng', '26', '');
INSERT INTO `qb_dianping_config` VALUES ('InfoIndexRow', '8', '');
INSERT INTO `qb_dianping_config` VALUES ('InfoListRow', '10', '');
INSERT INTO `qb_dianping_config` VALUES ('AdInfoIndexRow', '16', '');
INSERT INTO `qb_dianping_config` VALUES ('group_UpPhoto', '', '');
INSERT INTO `qb_dianping_config` VALUES ('Info_index_cache', '', '');
INSERT INTO `qb_dianping_config` VALUES ('Info_list_cache', '', '');
INSERT INTO `qb_dianping_config` VALUES ('Info_guide_word', '', '');
INSERT INTO `qb_dianping_config` VALUES ('Info_MemberPostPicNum', '', '');
INSERT INTO `qb_dianping_config` VALUES ('Info_MemberDayPostNum', '20', '');
INSERT INTO `qb_dianping_config` VALUES ('Info_GuestPostPicNum', '', '');
INSERT INTO `qb_dianping_config` VALUES ('Info_GuestDayPostNum', '3', '');
INSERT INTO `qb_dianping_config` VALUES ('Info_ClosePostWhy', '严打时期,暂停发布与修改信息', '');
INSERT INTO `qb_dianping_config` VALUES ('Info_YzKeyword_DO', '0', '');
INSERT INTO `qb_dianping_config` VALUES ('CommentPass_group', '3,4', '');
INSERT INTO `qb_dianping_config` VALUES ('Info_htmlType', '0', '');
INSERT INTO `qb_dianping_config` VALUES ('Info_allcityType', '1', '');
INSERT INTO `qb_dianping_config` VALUES ('Info_MemberChooseCity', '1', '');
INSERT INTO `qb_dianping_config` VALUES ('Info_sys', '0', '');
INSERT INTO `qb_dianping_config` VALUES ('Info_ClosePost', '0', '');
INSERT INTO `qb_dianping_config` VALUES ('if_GGmap', '1', '');
INSERT INTO `qb_dianping_config` VALUES ('Info_ShowNoYz', '1', '');
INSERT INTO `qb_dianping_config` VALUES ('Info_style', '', '');
INSERT INTO `qb_dianping_config` VALUES ('Info_webOpen', '1', '');
INSERT INTO `qb_dianping_config` VALUES ('Info_htmlname', 'html', '');
INSERT INTO `qb_dianping_config` VALUES ('Info_DelEndtime', '0', '');
INSERT INTO `qb_dianping_config` VALUES ('AdInfoIndexShow', '20', '');
INSERT INTO `qb_dianping_config` VALUES ('GroupPassYz', '', '');
INSERT INTO `qb_dianping_config` VALUES ('GroupPostInfo', '', '');
INSERT INTO `qb_dianping_config` VALUES ('Info_TopColor', '#F70968', '');
INSERT INTO `qb_dianping_config` VALUES ('Info_Musttelephone', '0', '');
INSERT INTO `qb_dianping_config` VALUES ('Info_Mustmobphone', '0', '');
INSERT INTO `qb_dianping_config` VALUES ('Info_MustQQ', '0', '');
INSERT INTO `qb_dianping_config` VALUES ('Info_MustEmail', '0', '');
INSERT INTO `qb_dianping_config` VALUES ('InfoIndexCSLeng', '', '');
INSERT INTO `qb_dianping_config` VALUES ('Info_showsortnum', '', '');
INSERT INTO `qb_dianping_config` VALUES ('Info_ListNum', '', '');
INSERT INTO `qb_dianping_config` VALUES ('AdInfoListRow', '10', '');
INSERT INTO `qb_dianping_config` VALUES ('InfoListLeng', '30', '');
INSERT INTO `qb_dianping_config` VALUES ('showNoPassComment', '0', '');
INSERT INTO `qb_dianping_config` VALUES ('Info_YzKeyword', '性爱\r\n做爱\r\n共产党', '');
INSERT INTO `qb_dianping_config` VALUES ('rand_num', '1313560528', '');
INSERT INTO `qb_dianping_config` VALUES ('rand_num_inputname', 'j', '');
INSERT INTO `qb_dianping_config` VALUES ('Info_UseEndTime', '1', '');
INSERT INTO `qb_dianping_config` VALUES ('CollectArticleNum', '23', '');
INSERT INTO `qb_dianping_config` VALUES ('Info_webadmin', '', '');
INSERT INTO `qb_dianping_config` VALUES ('PostInfoMoney', '2', '');
INSERT INTO `qb_dianping_config` VALUES ('Info_allowGuesSearch', '0', '');
INSERT INTO `qb_dianping_config` VALUES ('module_pre', 'dianping_', '');
INSERT INTO `qb_dianping_config` VALUES ('Info_description', '', '');
INSERT INTO `qb_dianping_config` VALUES ('Info_metakeywords', '房产 二手 交易 黄页', '');
INSERT INTO `qb_dianping_config` VALUES ('module_close', '0', '');
INSERT INTO `qb_dianping_config` VALUES ('module_id', '39', '');
INSERT INTO `qb_dianping_config` VALUES ('Info_areaname', '全国', '');
INSERT INTO `qb_dianping_config` VALUES ('Info_webname', '商家点评', '');
INSERT INTO `qb_dianping_config` VALUES ('Info_showday', '3/10/30/60/90/180', '');
INSERT INTO `qb_dianping_config` VALUES ('UpdatePostTime', '3', '');
INSERT INTO `qb_dianping_config` VALUES ('Info_contact', '010-88888888\r\nkefu@gmail.com\r\nkefu@msn.com\r\n88888888', '');
INSERT INTO `qb_dianping_config` VALUES ('Info_ReportDB', '垃圾信息\r\n虚假信息\r\n违法信息\r\n雷同信息', '');
INSERT INTO `qb_dianping_config` VALUES ('rand_num_mktime', '1', '');
INSERT INTO `qb_dianping_config` VALUES ('IF_Private_tpl', '0', '');
INSERT INTO `qb_dianping_config` VALUES ('Private_tpl_head', '', '');
INSERT INTO `qb_dianping_config` VALUES ('Private_tpl_foot', '', '');

# --------------------------------------------------------

#
# 表的结构 `qb_dianping_content`
#

DROP TABLE IF EXISTS `qb_dianping_content`;
CREATE TABLE `qb_dianping_content` (
  `id` int(10) NOT NULL auto_increment,
  `title` varchar(100) NOT NULL default '',
  `mid` smallint(4) NOT NULL default '0',
  `fid` mediumint(7) NOT NULL default '0',
  `fname` varchar(50) NOT NULL default '',
  `info` tinyint(2) NOT NULL default '0',
  `hits` mediumint(7) NOT NULL default '0',
  `comments` mediumint(7) NOT NULL default '0',
  `posttime` int(10) NOT NULL default '0',
  `list` varchar(10) NOT NULL default '',
  `uid` mediumint(7) NOT NULL default '0',
  `username` varchar(30) NOT NULL default '',
  `titlecolor` varchar(15) NOT NULL default '',
  `fonttype` tinyint(1) NOT NULL default '0',
  `picurl` varchar(150) NOT NULL default '',
  `ispic` tinyint(1) NOT NULL default '0',
  `yz` tinyint(1) NOT NULL default '0',
  `yzer` varchar(30) NOT NULL default '',
  `yztime` int(10) NOT NULL default '0',
  `levels` tinyint(2) NOT NULL default '0',
  `levelstime` int(10) NOT NULL default '0',
  `keywords` varchar(100) NOT NULL default '',
  `jumpurl` varchar(150) NOT NULL default '',
  `iframeurl` varchar(150) NOT NULL default '',
  `style` varchar(15) NOT NULL default '',
  `head_tpl` varchar(150) NOT NULL default '',
  `main_tpl` varchar(150) NOT NULL default '',
  `foot_tpl` varchar(100) NOT NULL default '',
  `target` tinyint(1) NOT NULL default '0',
  `ishtml` tinyint(1) NOT NULL default '0',
  `ip` varchar(15) NOT NULL default '',
  `lastfid` mediumint(7) NOT NULL default '0',
  `money` mediumint(7) NOT NULL default '0',
  `passwd` varchar(32) NOT NULL default '',
  `editer` varchar(30) NOT NULL default '',
  `edittime` int(10) NOT NULL default '0',
  `begintime` int(10) NOT NULL default '0',
  `endtime` int(10) NOT NULL default '0',
  `config` text NOT NULL,
  `lastview` int(10) NOT NULL default '0',
  `city_id` mediumint(7) NOT NULL default '0',
  `zone_id` mediumint(7) NOT NULL default '0',
  `street_id` mediumint(7) NOT NULL default '0',
  `editpwd` varchar(32) NOT NULL default '',
  `showday` mediumint(4) NOT NULL default '0',
  `visit_log` text NOT NULL,
  `visit_num` mediumint(7) unsigned NOT NULL default '0',
  `telephone` varchar(30) NOT NULL default '',
  `mobphone` varchar(12) NOT NULL default '',
  `email` varchar(50) NOT NULL default '',
  `oicq` varchar(11) NOT NULL default '',
  `msn` varchar(50) NOT NULL default '',
  `linkman` varchar(20) NOT NULL default '',
  `postcode` varchar(6) NOT NULL default '',
  `address` varchar(250) NOT NULL default '',
  `weburl` varchar(150) NOT NULL default '',
  `fax` varchar(30) NOT NULL default '',
  `maps` varchar(50) NOT NULL default '',
  `picnum` smallint(4) NOT NULL default '0',
  `replytime` int(10) NOT NULL default '0',
  PRIMARY KEY  (`id`),
  KEY `fid` (`fid`),
  KEY `ispic` (`ispic`),
  KEY `city_id` (`city_id`),
  KEY `zone_id` (`zone_id`),
  KEY `street_id` (`street_id`),
  KEY `list` (`list`,`fid`,`city_id`,`yz`),
  KEY `hits` (`hits`)
) TYPE=MyISAM AUTO_INCREMENT=12 ;

#
# 导出表中的数据 `qb_dianping_content`
#

INSERT INTO `qb_dianping_content` VALUES (11, '聚农山庄', 1, 18, '景点景区', 0, 155, 4, 1315281455, '1315281455', 1, 'admin', '', 0, 'http://food.gznet.com/Admin/Upfile/Image/20101206/1291597493879.jpg', 1, 1, '', 0, 0, 0, '', '', '', '', '', '', '', 0, 0, '127.0.0.1', 0, 0, '', '', 0, 0, 0, '', 1315988502, 1, 0, 0, '', 0, '', 0, '', '13399999999', '54325@qq.com', '888888', '', '', '', '广州番禺迎宾路', '', '', '23.00359200514999,113.32225799560547', 5, 1315988493);
INSERT INTO `qb_dianping_content` VALUES (2, '珍滋味港式粥火锅', 1, 18, '火锅', 0, 11, 0, 1314931147, '1314931147', 1, 'admin', '', 0, 'http://food.gznet.com/Admin/Upfile/Image/20110706/1309917595854.jpg', 1, 1, '', 0, 0, 0, '', '', '', '', '', '', '', 0, 0, '127.0.0.1', 0, 0, '', '', 0, 0, 1315190347, '', 1315990021, 1, 0, 0, '', 3, '', 0, '', '13399999999', '54325@qq.com', '888888', '', '', '', '朝阳区新源里中街8号(近东直门外)', '', '', '39.90124274066003,116.42512321472168', 4, 0);
INSERT INTO `qb_dianping_content` VALUES (3, '小肥羊(东直门店)', 1, 18, '火锅', 0, 6, 0, 1314931325, '1314931325', 1, 'admin', '', 0, 'http://food.gznet.com/Admin/Upfile/Image/20110804/1312423993091.jpg', 1, 1, '', 0, 0, 0, '', '', '', '', '', '', '', 0, 0, '127.0.0.1', 0, 0, '', '', 0, 0, 0, '', 1315989935, 1, 1, 3, '', 0, '', 0, '', '13399999999', '54325@qq.com', '888888', '', '', '', '东城区东直门内大街209号(近东内小街)', '', '', '39.91204048926006,116.39594078063965', 4, 0);
INSERT INTO `qb_dianping_content` VALUES (4, '大董烤鸭店(东四十条店)', 1, 18, '主题餐厅', 0, 2, 1, 1314931622, '1314931622', 1, 'admin', '', 0, 'http://food.gznet.com/Admin/Upfile/Image/20110314/1300062511813.jpg', 1, 1, '', 0, 0, 0, '', '', '', '', '', '', '', 0, 0, '127.0.0.1', 0, 0, '', '', 0, 0, 0, '', 1315989775, 1, 1, 2, '', 0, '', 0, '', '13399999999', '54325@qq.com', '888888', '', '', '', '东城区东四十条甲22号南新仓商务大厦1-2楼(东四十条桥西南)', '', '', '39.911908819649724,116.36590003967285', 4, 1315989813);
INSERT INTO `qb_dianping_content` VALUES (5, '都太国际连锁海鲜自助', 1, 18, '海鲜', 0, 2, 1, 1314931741, '1314931741', 1, 'admin', '', 0, 'http://food.gznet.com/Admin/Upfile/Image/20110415/1302825887456.jpg', 1, 1, '', 0, 0, 0, '', '', '', '', '', '', '', 0, 0, '127.0.0.1', 0, 0, '', '', 0, 0, 0, '', 1315989632, 1, 2, 0, '', 0, '', 0, '', '13399999999', '54325@qq.com', '888888', '', '', '', '朝阳公园路6号SOLANA蓝色港湾商业区西北门餐饮酒吧街DS-05号', '', '', '39.919874375502715,116.41791343688965', 4, 1315989677);
INSERT INTO `qb_dianping_content` VALUES (6, '老头猪蹄猪肘', 1, 18, '东北菜', 0, 15, 3, 1314932003, '1314932003', 1, 'admin', '', 0, 'http://food.gznet.com/Admin/Upfile/Image/20110804/1312423945955.jpg', 1, 1, '', 0, 0, 0, '', '', '', '', '', '', '', 0, 0, '127.0.0.1', 0, 0, '', '', 0, 0, 0, '', 1315989404, 1, 1, 11, '', 0, '', 0, '', '13399999999', '54325@qq.com', '888888', '', '', '', '海淀区西翠路3号院旺市百利对面', '', '', '39.911974654486535,116.26745223999023', 4, 1315989500);
INSERT INTO `qb_dianping_content` VALUES (7, '蓝钻国际美食自助百汇(西直门店)', 1, 18, '自助', 0, 2, 1, 1314932105, '1314932105', 1, 'admin', '', 0, 'http://food.gznet.com/Admin/Upfile/Image/20110809/1312847933053.jpg', 1, 1, '', 0, 0, 0, '', '', '', '', '', '', '', 0, 0, '127.0.0.1', 0, 0, '', '', 0, 0, 0, '', 1315989254, 1, 2, 0, '', 0, '', 0, '', '13399999999', '54325@qq.com', '888888', '', '', '', '西城区高梁桥斜街59号中坤大厦内钟鼎楼食府3楼(近西直门嘉茂)', '', '', '39.910657945728,116.39885902404785', 4, 1315989284);
INSERT INTO `qb_dianping_content` VALUES (8, '眉州东坡酒楼(中关村店)', 1, 18, '粤菜', 0, 4, 1, 1314932243, '1314932243', 1, 'admin', '', 0, 'http://food.gznet.com/Admin/Upfile/Image/20110815/1313370270986.jpg', 1, 1, '', 0, 0, 0, '', '', '', '', '', '', '', 0, 0, '127.0.0.1', 0, 0, '', '', 0, 0, 0, '', 1315989086, 1, 3, 0, '', 0, '', 0, '', '13399999999', '54325@qq.com', '888888', '', '', '', '海淀区中关村大街27号中关村大厦2楼', '', '', '39.90407402228,116.40744209289551', 4, 1315989131);
INSERT INTO `qb_dianping_content` VALUES (9, '丽江庭院之柔软时光(鼓楼店)', 1, 18, '小吃快餐', 0, 6, 1, 1314932421, '1314932421', 1, 'admin', '', 0, 'http://food.gznet.com/Admin/Upfile/Image/20110801/1312160717237.jpg', 1, 1, '', 0, 0, 0, '', '', '', '', '', '', '', 0, 0, '127.0.0.1', 0, 0, '', '', 0, 0, 0, '', 1315988907, 1, 4, 0, '', 0, '', 0, '', '13399999999', '54325@qq.com', '888888', '', '', '', '西城区旧鼓楼大街国旺胡同18号(鼓楼地铁站南侧)', '', '', '39.906641827690564,116.39714241027832', 4, 1315988945);
INSERT INTO `qb_dianping_content` VALUES (10, '江边城外巫山烤全鱼(外经贸紫光大厦店)', 1, 18, '川菜', 0, 8, 1, 1314932559, '1314932559', 1, 'admin', '', 0, 'http://food.gznet.com/Admin/Upfile/Image/20101201/1291165135578.jpg', 1, 1, '', 0, 0, 0, '', '', '', '', '', '', '', 0, 0, '127.0.0.1', 0, 0, '', '', 0, 0, 0, '', 1315988682, 1, 2, 0, '', 0, '', 0, '', '13399999999', '54325@qq.com', '888888', '', '', '', '朝阳区惠新东街11号紫光发展大厦B3-202号(对外经贸大学西门对面)', '', '', '39.913554671586425,116.40392303466797', 4, 1315988722);

# --------------------------------------------------------

#
# 表的结构 `qb_dianping_content_1`
#

DROP TABLE IF EXISTS `qb_dianping_content_1`;
CREATE TABLE `qb_dianping_content_1` (
  `rid` mediumint(7) NOT NULL auto_increment,
  `id` int(10) NOT NULL default '0',
  `fid` mediumint(7) NOT NULL default '0',
  `uid` mediumint(7) NOT NULL default '0',
  `content` mediumtext NOT NULL,
  `sortid` tinyint(3) NOT NULL default '0',
  `sortid2` tinyint(3) NOT NULL default '0',
  `my_228` tinyint(1) NOT NULL default '0',
  `my_837` varchar(100) NOT NULL default '',
  `my_613` varchar(100) NOT NULL default '',
  PRIMARY KEY  (`rid`),
  KEY `fid` (`fid`),
  KEY `id` (`id`),
  KEY `uid` (`uid`),
  KEY `sortid` (`sortid`),
  KEY `my_228` (`my_228`)
) TYPE=MyISAM AUTO_INCREMENT=13 ;

#
# 导出表中的数据 `qb_dianping_content_1`
#

INSERT INTO `qb_dianping_content_1` VALUES (12, 11, 18, 1, '　　作为海南四大名菜之首的海量文昌鸡隆重登场，这道菜是他们得过六年金奖的一道著名菜式，文昌鸡体型方圆、脚胫短细、肉香馥郁，实为经典。\r\n　　出品：大椰风饭中华广场店\r\n　　地址：中山三路33号中华广场6楼\r\n　　电话：83738488 83738588', 2, 2, 1, '15路', '汉海站');
INSERT INTO `qb_dianping_content_1` VALUES (3, 2, 18, 1, '第三批小小食家，围攻“大哥”\r\n　　第三批小小食家迅速组建成功：7岁的德宇、8岁的德灏、10岁半的岚天。今年，我分别策动了两批的小小食家，能吃、好吃是他们的共性。 \r\n　　大哥餐厅的现场，德灏用筷子卷意粉的方法去卷起了乌黑油亮的“大哥特色干炒牛河”，因为这样可以卷多一些塞进嘴里；岚天用叉子戳向“芝士肉酱炸薯条”；德宇凑热闹搞局，抢吃薯条，右眼的余光扫过了“大哥手撕俏皮鸡”，左眼又瞄着盐酥鸡。 \r\n　　几轮冲锋，不表战况，只道战果，经过三位小小食家扫荡，碟里还剩三分之一的有：大哥特色干炒牛河、盐酥鸡、芒西椰奶、马来柑橘话梅蜜、公主的城堡；被全部清盘的美食是：芝士肉酱炸薯条、西汁忌廉蛋包牛肉饭、马来咖喱牛筋腩、奶油猪、精装迷你奶油西多士、恐龙阿华田。哈哈，小小食家们真的藏了巨胃，可以容纳大量可口美味的食物。', 3, 3, 3, '124路', '中山站');
INSERT INTO `qb_dianping_content_1` VALUES (4, 3, 18, 1, '　　香浓的冰激凌中有软软的水果、脆脆的坚果，口感非常丰富。你也可以按照TA的口味，自由换冰激凌里的“馅料”，例如加巧克力豆、葡萄干等。\r\n　　所有原料都非常容易买到，但是通过你的简单加工和精美摆盘，完全能成就定制级别的绝美甜品。当然，如果你的礼物是小小的首饰，你还可以玩玩浪漫，将它埋入冰激凌中。\r\n　　原料：美国大杏仁一小把，水果（如猕猴桃、橙子或草莓各1只），威化饼干2块，冰激凌一杯\r\n　　步骤：\r\n　　1.将大杏仁切碎粒。\r\n　　2.把水果切小丁。\r\n　　3.威化饼干切小丁。\r\n　　4.把冰激凌放在冰箱冷藏室里回温约30分钟，然后把冰激凌倒入搅拌碗中，加入水果、威化饼和大杏仁适量一起搅拌即可。也可以待冰激凌软化一点后，把水果、大杏仁和饼干与冰激凌混合，用勺子搅拌后食用。', 4, 2, 3, '', '');
INSERT INTO `qb_dianping_content_1` VALUES (5, 4, 18, 1, '　我家宝宝最爱吃那些五颜六色的菜式。宝贝说:“菜菜漂亮，吃起来也开心。”呵呵，身为妈妈的我，看着宝宝吃得开心，心里自然也美滋滋的。今天弄了道外观很吸引人又补铁的养生菜。\r\n　　材料:猪肝200克、窝窝头 7-10个、泡发好的黑木耳20克，红、黄、绿彩椒各20克。\r\n　　\r\n　　点做？\r\n　　1、将彩椒和黑木耳都切成碎末，再切点葱末和蒜末备用；\r\n\r\n　　2、将窝窝头隔水蒸热蒸软备用；\r\n\r\n　　3、将猪肝焯水 ，8成熟；将猪肝切成小丁备用；\r\n\r\n　　4、将锅烧热，锅中倒色拉油40克左右，油6成热时倒入葱蒜爆香，倒入猪肝，翻炒半分钟左右，倒入5克料酒翻炒几下，加入生抽20毫升，加入黑木耳，翻炒1分钟，太干的话可以加个20克热水；\r\n\r\n　　5、倒入彩椒，翻炒几下，出锅；\r\n\r\n　　6、将炒好的猪肝彩椒碎用勺子盛入事先准备好的窝窝头中，开吃啦。趁热食用，一次最好不要超过2个。', 2, 2, 4, '', '');
INSERT INTO `qb_dianping_content_1` VALUES (6, 5, 18, 1, '　　东坡懂得吃，也自称“宁可食无肉，不可居无竹”。因其老饕和老顽童的个性，还白白被后人附会出一首“无肉令人瘦，无竹令人俗，若要不瘦且不俗，唯有竹笋焖猪肉”。但说到对竹笋的理解，还是老实巴交的杨万里说得好－－“淡处当知有真味”。\r\n　　鲜笋很淡，春笋就更淡了。而那种淡一被激发，就成味中珍鲜。以江浙人的话来说，就是“鲜得眉毛 都掉了”。\r\n　　虽然我更爱好略带苦味的冬笋，但春机勃勃之时，春笋也是不可放过的。\r\n　　笋的做法有很多。炒肉、焖肉、放汤，都能做出简单美味的家常菜。\r\n　　用鲜笋做出来的菜式，怎么看都有个性。\r\n　　小笋炒鸡蛋，是清清白白，小家碧玉。\r\n　　笋片炒腊肉，极尽吸味之能事，一试便欲罢不能。\r\n　　青花碗、青花勺，笋丝飘在清汤上，简直就是临水照花，幽芳自赏了。', 3, 3, 2, '54路', '东口站');
INSERT INTO `qb_dianping_content_1` VALUES (7, 6, 18, 1, '　　新兴是个盆地，就好像锅底一样！同行的地胆华哥这样介绍，我立刻想到食，除了这里盛产不锈钢厨具外，我能想到的就是一条条清溪从山上流淌下来，流到“锅底”。果然地胆带我们到镇上一个住家店。一家人做在店内吃饭，见我们到来，先把我们引进小房，然后老板就吩咐伙计捞虾、宰鱼、洗螺、拔鸡毛。 \r\n　　说是溪鲜，我最讨厌所谓的油炸山坑鱼，小鱼猫丁丁大、吸饱油，只剩调味料味道。所以再三确认这山坑鱼非鱼猫，而是被当地人称为“狗仔鱼”。因为它在溪里喜欢用脑壳顶起石头找食，就像小狗觅食翻翻找找?解！看它的模样像鲩鱼，但是吃法像鲤鱼不去鳞，连鳞清蒸，大大片的鳞嚼起来少少爽！而鱼肉就细致得如童颜，带着天真的鲜味。铁盘蒸出来，空调房里一吹一下子鱼凉了，正是可惜的时候，发现鱼即使凉了，鱼味儿层次更突出，未有半点腥气，真是神了！', 5, 4, 4, '120路', '小车站');
INSERT INTO `qb_dianping_content_1` VALUES (8, 7, 18, 1, '一些香槟或者葡萄酒附送的小食。分别是德国鱼子酱、西班牙火腿、香辣鸡软骨、酥炸鸭舌。\r\n\r\n　　个漂亮的造型和特别的口感。记者在这里要提醒一下，大家要记得，它们虽然有美丽的外表和甜美的果香，但同样是用伏特加、白兰地等烈酒调制的，酒精度绝对不容小看。\r\n　　与其他酒吧不同的是，这里不提倡客人喝啤酒或者胡乱勾兑的葡萄酒、烈酒，而是推崇纯品香槟、葡萄酒。酒吧特地引入顶级香槟－－法国酩悦香槟。客人点选一些名贵酒品的时候，这里还会附送香辣鸡软骨、酥炸鸭舌、小批萨等新鲜现做的小吃，其中不乏高档进口配酒食品，例如西班牙火腿、德国的鱼子酱。小食以凉菜为主，装碟上场的方式又要与普通食肆区分开来不同，以高脚雪糕杯一样的容器奉上，以小花小草点缀，清新宜人。当它们与香槟、葡萄酒摆在一起的时候，我们会误以为自己在喝西式的下午茶。', 2, 2, 4, '23路', '大东站');
INSERT INTO `qb_dianping_content_1` VALUES (9, 8, 18, 1, '　　是亚洲餐饮文化独有的符号和象征。如果一家餐厅的出品，能够使得中国、新加坡、马来西亚、印尼、泰国、越南、日本等美食国度的人们都愿意拿起手中的筷子去品尝，那它该要有多大的能耐？日前，荟萃了亚洲各地丰盛美食的“筷子荟”亚洲餐厅就在广州塔的负一层低调开业，高调上菜。来自新加坡的餐厅总经理Roy Tan立志要在广州的地标建筑物里，做广州最好、最地道的亚洲美食，既要让来广州游玩的各国人民吃得开心，更要令广州市民近在家门口也能大饱口福。\r\n　　餐厅装修风格简洁时尚，大地系的主色调、原木的餐桌餐椅、宽敞的落地玻璃、柔和的灯光都给人以一种温暖质朴的感觉。开放式厨房的设计既增强了餐厅的空间感，又令食客能亲眼看到厨师团队精心准备每一道美食的过程，他们精湛的厨艺无疑成为了餐前最令人心动的前戏。\r\n　　虽然餐厅荟萃了亚洲各国的风味美食，用料繁复，但为了保证出品的正宗和地道，Roy Tan仍然坚持大部分原料都必须由原产地进口，比如东南亚菜系常用的各种香草和新鲜香料，就全部都要漂洋过海而来。马来西亚总厨苏师傅不但带来当地传统怀旧的佳肴，还带来那边新兴的特色烹饪法，让广州食客们大为受落。想知道这里的出品是不是有够地道？以下几道出品你不得不试。', 4, 4, 4, '', '');
INSERT INTO `qb_dianping_content_1` VALUES (10, 9, 18, 1, '朋友请客，据说是要先预订才能来吃的。\r\n走到胡同的时候，完全看不出来这里是个吃饭的地方，一个四合院的房子，大门紧闭，要敲门才入内。\r\n听朋友说这里是午饭到下午茶是不翻桌的，所以吃完午饭就可以喝茶，相待多久都行。\r\n\r\n100一位的自助小火锅，先给我们上了一铺丸子，说是吃完后再点喜欢吃的。\r\n没想到丸子都挺好吃的，特别是芝士丸，还有虾丸，很Q，馅儿很好吃，我们后来加了很多次~~~\r\n\r\n虽然吃得很撑，但是又普洱茶来消油腻，以下午从那儿看书，聊天，环境也装修得非常漂亮，很有丽江的感觉。 真是不错，以后有机会和朋友聚会的时候也会再去的~~~', 1, 1, 4, '', '');
INSERT INTO `qb_dianping_content_1` VALUES (11, 10, 18, 1, '人气“很旺”，每到饭点“都要排队”。烤鱼有“N多”口味可选，味道“没得说”，皮可以“大块”地撕下来吃，那叫一个“过瘾”，肉也烤得“恰到好处”，整个一“外焦里嫩”，配菜的话，选土豆、莴笋、豆皮、木耳等“比较经典”。还有“免费”瓜子和茶水“无限供应”，真是“聊天乱侃”的好地方。', 1, 1, 4, '', '');

# --------------------------------------------------------

#
# 表的结构 `qb_dianping_content_2`
#

DROP TABLE IF EXISTS `qb_dianping_content_2`;
CREATE TABLE `qb_dianping_content_2` (
  `rid` mediumint(7) NOT NULL auto_increment,
  `id` int(10) NOT NULL default '0',
  `fid` mediumint(7) NOT NULL default '0',
  `uid` mediumint(7) NOT NULL default '0',
  `content` mediumtext NOT NULL,
  `sortid` tinyint(3) NOT NULL default '0',
  `sortid2` tinyint(3) NOT NULL default '0',
  `my_382` tinyint(1) NOT NULL default '0',
  `my_835` varchar(100) NOT NULL default '',
  `my_491` varchar(100) NOT NULL default '',
  PRIMARY KEY  (`rid`),
  KEY `fid` (`fid`),
  KEY `id` (`id`),
  KEY `uid` (`uid`),
  KEY `sortid` (`sortid`),
  KEY `my_382` (`my_382`)
) TYPE=MyISAM AUTO_INCREMENT=1 ;

#
# 导出表中的数据 `qb_dianping_content_2`
#


# --------------------------------------------------------

#
# 表的结构 `qb_dianping_content_3`
#

DROP TABLE IF EXISTS `qb_dianping_content_3`;
CREATE TABLE `qb_dianping_content_3` (
  `rid` mediumint(7) NOT NULL auto_increment,
  `id` int(10) NOT NULL default '0',
  `fid` mediumint(7) NOT NULL default '0',
  `uid` mediumint(7) NOT NULL default '0',
  `content` mediumtext NOT NULL,
  `sortid` tinyint(3) NOT NULL default '0',
  PRIMARY KEY  (`rid`),
  KEY `fid` (`fid`),
  KEY `id` (`id`),
  KEY `uid` (`uid`),
  KEY `sortid` (`sortid`)
) TYPE=MyISAM AUTO_INCREMENT=1 ;

#
# 导出表中的数据 `qb_dianping_content_3`
#


# --------------------------------------------------------

#
# 表的结构 `qb_dianping_db`
#

DROP TABLE IF EXISTS `qb_dianping_db`;
CREATE TABLE `qb_dianping_db` (
  `id` int(10) NOT NULL auto_increment,
  `fid` mediumint(7) NOT NULL default '0',
  `city_id` mediumint(7) NOT NULL default '0',
  `uid` mediumint(7) NOT NULL default '0',
  PRIMARY KEY  (`id`),
  KEY `fid` (`fid`),
  KEY `city_id` (`city_id`),
  KEY `uid` (`uid`)
) TYPE=MyISAM AUTO_INCREMENT=12 ;

#
# 导出表中的数据 `qb_dianping_db`
#

INSERT INTO `qb_dianping_db` VALUES (11, 18, 1, 1);
INSERT INTO `qb_dianping_db` VALUES (2, 18, 1, 1);
INSERT INTO `qb_dianping_db` VALUES (3, 18, 1, 1);
INSERT INTO `qb_dianping_db` VALUES (4, 18, 1, 1);
INSERT INTO `qb_dianping_db` VALUES (5, 18, 1, 1);
INSERT INTO `qb_dianping_db` VALUES (6, 18, 1, 1);
INSERT INTO `qb_dianping_db` VALUES (7, 18, 1, 1);
INSERT INTO `qb_dianping_db` VALUES (8, 18, 1, 1);
INSERT INTO `qb_dianping_db` VALUES (9, 18, 1, 1);
INSERT INTO `qb_dianping_db` VALUES (10, 18, 1, 1);

# --------------------------------------------------------

#
# 表的结构 `qb_dianping_dianping`
#

DROP TABLE IF EXISTS `qb_dianping_dianping`;
CREATE TABLE `qb_dianping_dianping` (
  `cid` mediumint(7) unsigned NOT NULL auto_increment,
  `cuid` int(7) NOT NULL default '0',
  `type` tinyint(2) NOT NULL default '0',
  `id` mediumint(7) unsigned NOT NULL default '0',
  `fid` mediumint(7) unsigned NOT NULL default '0',
  `uid` mediumint(7) unsigned NOT NULL default '0',
  `username` varchar(30) NOT NULL default '',
  `posttime` int(10) NOT NULL default '0',
  `content` text NOT NULL,
  `ip` varchar(15) NOT NULL default '',
  `icon` tinyint(3) NOT NULL default '0',
  `yz` tinyint(1) NOT NULL default '0',
  `fen1` smallint(4) NOT NULL default '0',
  `fen2` smallint(4) NOT NULL default '0',
  `fen3` smallint(4) NOT NULL default '0',
  `fen4` smallint(4) NOT NULL default '0',
  `fen5` smallint(4) NOT NULL default '0',
  `flowers` smallint(4) NOT NULL default '0',
  `egg` smallint(4) NOT NULL default '0',
  `price` mediumint(5) NOT NULL default '0',
  `keywords` varchar(100) NOT NULL default '',
  `keywords2` varchar(100) NOT NULL default '',
  `fen6` varchar(150) NOT NULL default '',
  PRIMARY KEY  (`cid`),
  KEY `type` (`type`)
) TYPE=MyISAM AUTO_INCREMENT=9 ;

#
# 导出表中的数据 `qb_dianping_dianping`
#

INSERT INTO `qb_dianping_dianping` VALUES (1, 1, 0, 11, 18, 1, 'admin', 1315988493, '实在是太好吃了,去了一次还想再去一次', '127.0.0.1', 0, 1, 4, 3, 4, 3, 4, 0, 0, 50, '', '', '');
INSERT INTO `qb_dianping_dianping` VALUES (2, 1, 0, 10, 18, 1, 'admin', 1315988722, '非常的不错,建议你们再来吃多几次', '127.0.0.1', 0, 1, 0, 0, 0, 0, 4, 0, 0, 54, '', '', '');
INSERT INTO `qb_dianping_dianping` VALUES (3, 1, 0, 9, 18, 1, 'admin', 1315988945, '虽然有点贵,但是非常好吃了,吃了还想吃,明年再来吃一次.', '127.0.0.1', 0, 1, 5, 2, 3, 2, 4, 0, 0, 85, '', '', '');
INSERT INTO `qb_dianping_dianping` VALUES (4, 1, 0, 8, 18, 1, 'admin', 1315989131, '这里太贵了,又不好吃,环境又一般,服务态度很不怎么样.建议大家不要来', '127.0.0.1', 0, 1, 2, 4, 4, 3, 1, 0, 0, 52, '', '', '');
INSERT INTO `qb_dianping_dianping` VALUES (5, 1, 0, 7, 18, 1, 'admin', 1315989284, '说不上太好,只能说免强对得起这个价格吧', '127.0.0.1', 0, 1, 3, 3, 3, 3, 2, 0, 0, 85, '', '', '');
INSERT INTO `qb_dianping_dianping` VALUES (6, 1, 0, 6, 18, 1, 'admin', 1315989500, '说不上有多好,就那样吧,一分钱一分货的道理', '127.0.0.1', 0, 1, 3, 2, 3, 3, 2, 0, 0, 30, '', '', '');
INSERT INTO `qb_dianping_dianping` VALUES (7, 1, 0, 5, 18, 1, 'admin', 1315989677, '很有农村特色的农庄,推荐大家有空不烦去一下,好吃哦.', '127.0.0.1', 0, 1, 4, 3, 4, 4, 3, 0, 0, 62, '', '', '');
INSERT INTO `qb_dianping_dianping` VALUES (8, 1, 0, 4, 18, 1, 'admin', 1315989813, '觉得还可以吧,不算好不算差.就那个样.', '127.0.0.1', 0, 1, 2, 4, 4, 4, 3, 0, 0, 54, '', '', '');

# --------------------------------------------------------

#
# 表的结构 `qb_dianping_field`
#

DROP TABLE IF EXISTS `qb_dianping_field`;
CREATE TABLE `qb_dianping_field` (
  `id` mediumint(7) NOT NULL auto_increment,
  `mid` mediumint(5) NOT NULL default '0',
  `title` varchar(50) NOT NULL default '',
  `field_name` varchar(30) NOT NULL default '',
  `field_type` varchar(15) NOT NULL default '',
  `field_leng` smallint(3) NOT NULL default '0',
  `orderlist` int(10) NOT NULL default '0',
  `form_type` varchar(15) NOT NULL default '',
  `field_inputwidth` smallint(3) default NULL,
  `field_inputheight` smallint(3) NOT NULL default '0',
  `form_set` text NOT NULL,
  `form_value` text NOT NULL,
  `form_units` varchar(30) NOT NULL default '',
  `form_title` text NOT NULL,
  `mustfill` tinyint(1) NOT NULL default '0',
  `listshow` tinyint(1) NOT NULL default '0',
  `listfilter` tinyint(1) default NULL,
  `search` tinyint(1) NOT NULL default '0',
  `allowview` varchar(255) NOT NULL default '',
  `allowpost` varchar(255) NOT NULL default '',
  `js_check` text NOT NULL,
  `js_checkmsg` varchar(255) NOT NULL default '',
  `classid` mediumint(7) NOT NULL default '0',
  PRIMARY KEY  (`id`)
) TYPE=MyISAM AUTO_INCREMENT=141 ;

#
# 导出表中的数据 `qb_dianping_field`
#

INSERT INTO `qb_dianping_field` VALUES (138, 3, '详情', 'content', 'mediumtext', 0, -1, 'textarea', 500, 80, '', '', '', '', 0, 0, 0, 0, '', '', '', '', 31);
INSERT INTO `qb_dianping_field` VALUES (139, 3, '印像', 'sortid', 'int', 3, 0, 'radio', 0, 0, '1|差\r\n2|一般\r\n3|还好\r\n4|挺好\r\n5|很好', '', '', '', 0, 1, 1, 1, '', '', '', '', 31);
INSERT INTO `qb_dianping_field` VALUES (126, 1, '详情', 'content', 'mediumtext', 0, 0, 'textarea', 0, 0, '', '', '', '', 0, 0, 0, 0, '', '', '', '', 31);
INSERT INTO `qb_dianping_field` VALUES (127, 1, '人均消费', 'sortid', 'int', 3, 0, 'radio', 0, 0, '1|30元以下\r\n2|30~50元\r\n3|50~100元\r\n4|100~150元\r\n5|150~200元\r\n6|200~300元\r\n7|300元以上', '1', '', '', 0, 0, 1, 1, '', '', '', '', 0);
INSERT INTO `qb_dianping_field` VALUES (128, 1, '环境', 'sortid2', 'int', 3, 0, 'radio', 0, 0, '1|家庭聚会\r\n2|随便吃吃\r\n3|情侣约会\r\n4|商务洽谈\r\n5|朋友聚会\r\n6|工作午餐\r\n7|大型聚会', '1', '', '', 0, 0, 1, 1, '', '', '', '', 0);
INSERT INTO `qb_dianping_field` VALUES (129, 1, '停车位', 'my_228', 'int', 1, 0, 'radio', 0, 0, '1|免费\r\n2|收费\r\n3|无\r\n4|未知', '4', '', '', 0, 0, 1, 1, '', '', '', '', 1);
INSERT INTO `qb_dianping_field` VALUES (130, 1, '公交线路', 'my_837', 'varchar', 100, 0, 'text', 30, 0, '', '', '', '', 0, 0, 0, 0, '', '', '', '', 0);
INSERT INTO `qb_dianping_field` VALUES (131, 1, '附近公交站', 'my_613', 'varchar', 100, 0, 'text', 50, 0, '', '', '', '', 0, 0, 0, 0, '', '', '', '', 0);
INSERT INTO `qb_dianping_field` VALUES (132, 2, '详情', 'content', 'mediumtext', 0, 0, 'textarea', 0, 0, '', '', '', '', 0, 0, 0, 0, '', '', '', '', 31);
INSERT INTO `qb_dianping_field` VALUES (133, 2, '人均消费', 'sortid', 'int', 3, 0, 'radio', 0, 0, '1|30元以下\r\n2|30~50元\r\n3|50~100元\r\n4|100~150元\r\n5|150~200元\r\n6|200~300元\r\n7|300元以上', '1', '', '', 0, 0, 1, 1, '', '', '', '', 0);
INSERT INTO `qb_dianping_field` VALUES (134, 2, '环境', 'sortid2', 'int', 3, 0, 'radio', 0, 0, '1|家庭聚会\r\n2|随便吃吃\r\n3|情侣约会\r\n4|商务洽谈\r\n5|朋友聚会\r\n6|工作午餐\r\n7|大型聚会', '1', '', '', 0, 0, 1, 1, '', '', '', '', 0);
INSERT INTO `qb_dianping_field` VALUES (135, 2, '停车位', 'my_382', 'int', 1, 0, 'radio', 0, 0, '1|免费\r\n2|收费\r\n3|无\r\n4|未知', '4', '', '', 0, 0, 1, 1, '', '', '', '', 0);
INSERT INTO `qb_dianping_field` VALUES (136, 2, '公交线路', 'my_835', 'varchar', 100, 0, 'text', 30, 0, '', '', '', '', 0, 0, 0, 0, '', '', '', '', 0);
INSERT INTO `qb_dianping_field` VALUES (137, 2, '附近公交站', 'my_491', 'varchar', 100, 0, 'text', 30, 0, '', '', '', '', 0, 0, 0, 0, '', '', '', '', 1);

# --------------------------------------------------------

#
# 表的结构 `qb_dianping_module`
#

DROP TABLE IF EXISTS `qb_dianping_module`;
CREATE TABLE `qb_dianping_module` (
  `id` smallint(4) NOT NULL auto_increment,
  `sort_id` mediumint(5) NOT NULL default '0',
  `name` varchar(50) NOT NULL default '',
  `list` smallint(4) NOT NULL default '0',
  `style` varchar(50) NOT NULL default '',
  `config` text NOT NULL,
  `config2` text NOT NULL,
  `comment_type` tinyint(1) NOT NULL default '0',
  `ifdp` tinyint(1) NOT NULL default '0',
  `template` text NOT NULL,
  PRIMARY KEY  (`id`)
) TYPE=MyISAM AUTO_INCREMENT=16 ;

#
# 导出表中的数据 `qb_dianping_module`
#

INSERT INTO `qb_dianping_module` VALUES (3, 0, '其它', 0, '', 'a:1:{s:9:"moduleSet";a:1:{s:6:"useMap";i:1;}}', 'a:5:{s:4:"fen1";a:2:{s:4:"name";s:4:"总评";s:3:"set";s:36:"1=差\r\n2=一般\r\n3=好\r\n4=很好\r\n5=非常好";}s:4:"fen2";a:2:{s:4:"name";s:4:"环境";s:3:"set";s:36:"1=差\r\n2=一般\r\n3=好\r\n4=很好\r\n5=非常好";}s:4:"fen3";a:2:{s:4:"name";s:4:"服务";s:3:"set";s:36:"1=差\r\n2=一般\r\n3=好\r\n4=很好\r\n5=非常好";}s:4:"fen4";a:2:{s:4:"name";s:4:"价位";s:3:"set";s:28:"1=便宜\r\n2=适中\r\n3=贵\r\n4=很贵";}s:4:"fen5";a:2:{s:4:"name";s:8:"喜欢程度";s:3:"set";s:36:"1=不喜欢\r\n2=无所谓\r\n3=喜欢\r\n4=很喜欢";}}', 0, 1, '');
INSERT INTO `qb_dianping_module` VALUES (1, 0, '餐饮', 0, '', 'a:1:{s:9:"moduleSet";a:1:{s:6:"useMap";s:1:"1";}}', 'a:5:{s:4:"fen1";a:2:{s:4:"name";s:4:"总评";s:3:"set";s:36:"1=差\r\n2=一般\r\n3=好\r\n4=很好\r\n5=非常好";}s:4:"fen2";a:2:{s:4:"name";s:4:"环境";s:3:"set";s:36:"1=差\r\n2=一般\r\n3=好\r\n4=很好\r\n5=非常好";}s:4:"fen3";a:2:{s:4:"name";s:4:"服务";s:3:"set";s:36:"1=差\r\n2=一般\r\n3=好\r\n4=很好\r\n5=非常好";}s:4:"fen4";a:2:{s:4:"name";s:4:"价位";s:3:"set";s:28:"1=便宜\r\n2=适中\r\n3=贵\r\n4=很贵";}s:4:"fen5";a:2:{s:4:"name";s:8:"喜欢程度";s:3:"set";s:36:"1=不喜欢\r\n2=无所谓\r\n3=喜欢\r\n4=很喜欢";}}', 0, 1, '');
INSERT INTO `qb_dianping_module` VALUES (2, 0, '休闲', 0, '', 'a:1:{s:9:"moduleSet";a:1:{s:6:"useMap";i:1;}}', 'a:6:{s:4:"fen1";a:2:{s:4:"name";s:4:"总评";s:3:"set";s:36:"1=差\r\n2=一般\r\n3=好\r\n4=很好\r\n5=非常好";}s:4:"fen2";a:2:{s:4:"name";s:4:"环境";s:3:"set";s:36:"1=差\r\n2=一般\r\n3=好\r\n4=很好\r\n5=非常好";}s:4:"fen3";a:2:{s:4:"name";s:4:"服务";s:3:"set";s:36:"1=差\r\n2=一般\r\n3=好\r\n4=很好\r\n5=非常好";}s:4:"fen4";a:2:{s:4:"name";s:4:"价位";s:3:"set";s:28:"1=便宜\r\n2=适中\r\n3=贵\r\n4=很贵";}s:4:"fen5";a:2:{s:4:"name";s:8:"喜欢程度";s:3:"set";s:36:"1=不喜欢\r\n2=无所谓\r\n3=喜欢\r\n4=很喜欢";}s:4:"fen6";a:2:{s:4:"name";s:8:"环境氛围";s:3:"set";s:48:"家庭聚会\r\n情侣约会\r\n商务洽谈\r\n朋友聚会\r\n大型聚会";}}', 0, 1, '');

# --------------------------------------------------------

#
# 表的结构 `qb_dianping_pic`
#

DROP TABLE IF EXISTS `qb_dianping_pic`;
CREATE TABLE `qb_dianping_pic` (
  `pid` mediumint(7) NOT NULL auto_increment,
  `id` mediumint(10) NOT NULL default '0',
  `fid` mediumint(7) NOT NULL default '0',
  `mid` smallint(4) NOT NULL default '0',
  `uid` mediumint(7) NOT NULL default '0',
  `type` tinyint(1) NOT NULL default '0',
  `imgurl` varchar(150) NOT NULL default '',
  `name` varchar(100) NOT NULL default '',
  PRIMARY KEY  (`pid`),
  KEY `id` (`id`),
  KEY `fid` (`fid`)
) TYPE=MyISAM AUTO_INCREMENT=42 ;

#
# 导出表中的数据 `qb_dianping_pic`
#

INSERT INTO `qb_dianping_pic` VALUES (1, 11, 46, 0, 1, 0, 'http://food.gznet.com/Admin/Upfile/Image/20101206/1291597493879.jpg', '');
INSERT INTO `qb_dianping_pic` VALUES (2, 11, 46, 0, 1, 0, 'http://food.gznet.com/Admin/Upfile/Image/20101206/1291597295214.jpg', '');
INSERT INTO `qb_dianping_pic` VALUES (3, 11, 46, 0, 1, 0, 'http://food.gznet.com/Admin/Upfile/Image/20101206/1291597194859.jpg', '');
INSERT INTO `qb_dianping_pic` VALUES (4, 11, 46, 0, 1, 0, 'http://food.gznet.com/Admin/Upfile/Image/20101206/1291597211044.jpg', '');
INSERT INTO `qb_dianping_pic` VALUES (5, 11, 46, 0, 1, 0, 'http://food.gznet.com/Admin/Upfile/Image/20101206/1291597320431.jpg', '');
INSERT INTO `qb_dianping_pic` VALUES (6, 10, 18, 0, 1, 0, 'http://food.gznet.com/Admin/Upfile/Image/20101201/1291165135578.jpg', '');
INSERT INTO `qb_dianping_pic` VALUES (7, 10, 18, 0, 1, 0, 'http://food.gznet.com/Admin/Upfile/Image/20101201/1291165177119.jpg', '');
INSERT INTO `qb_dianping_pic` VALUES (8, 10, 18, 0, 1, 0, 'http://food.gznet.com/Admin/Upfile/Image/20101201/1291161351990.jpg', '');
INSERT INTO `qb_dianping_pic` VALUES (9, 10, 18, 0, 1, 0, 'http://food.gznet.com/Admin/Upfile/Image/20101201/1291161383409.jpg', '');
INSERT INTO `qb_dianping_pic` VALUES (10, 9, 18, 0, 1, 0, 'http://food.gznet.com/Admin/Upfile/Image/20110801/1312160717237.jpg', '');
INSERT INTO `qb_dianping_pic` VALUES (11, 9, 18, 0, 1, 0, 'http://food.gznet.com/Admin/Upfile/Image/20110801/1312160892911.jpg', '');
INSERT INTO `qb_dianping_pic` VALUES (12, 9, 18, 0, 1, 0, 'http://food.gznet.com/Admin/Upfile/Image/20110801/1312160692884.jpg', '');
INSERT INTO `qb_dianping_pic` VALUES (13, 9, 18, 0, 1, 0, 'http://food.gznet.com/Admin/Upfile/Image/20110722/1311298045863.jpg', '');
INSERT INTO `qb_dianping_pic` VALUES (14, 8, 18, 0, 1, 0, 'http://food.gznet.com/Admin/Upfile/Image/20110815/1313370270986.jpg', '');
INSERT INTO `qb_dianping_pic` VALUES (15, 8, 18, 0, 1, 0, 'http://food.gznet.com/Admin/Upfile/Image/20110815/1313364094053.jpg', '');
INSERT INTO `qb_dianping_pic` VALUES (16, 8, 18, 0, 1, 0, 'http://food.gznet.com/Admin/Upfile/Image/20110815/1313364152498.jpg', '');
INSERT INTO `qb_dianping_pic` VALUES (17, 8, 18, 0, 1, 0, 'http://food.gznet.com/Admin/Upfile/Image/20110815/1313364189424.jpg', '');
INSERT INTO `qb_dianping_pic` VALUES (18, 7, 18, 0, 1, 0, 'http://food.gznet.com/Admin/Upfile/Image/20110809/1312847933053.jpg', '');
INSERT INTO `qb_dianping_pic` VALUES (19, 7, 18, 0, 1, 0, 'http://food.gznet.com/Admin/Upfile/Image/20110809/1312847892095.jpg', '');
INSERT INTO `qb_dianping_pic` VALUES (20, 7, 18, 0, 1, 0, 'http://food.gznet.com/Admin/Upfile/Image/20110809/1312847882610.jpg', '');
INSERT INTO `qb_dianping_pic` VALUES (21, 7, 18, 0, 1, 0, 'http://food.gznet.com/Admin/Upfile/Image/20110809/1312854000421.jpg', '');
INSERT INTO `qb_dianping_pic` VALUES (22, 6, 18, 0, 1, 0, 'http://food.gznet.com/Admin/Upfile/Image/20110804/1312423945955.jpg', '');
INSERT INTO `qb_dianping_pic` VALUES (23, 6, 18, 0, 1, 0, 'http://food.gznet.com/Admin/Upfile/Image/20110804/1312423916518.jpg', '');
INSERT INTO `qb_dianping_pic` VALUES (24, 6, 18, 0, 1, 0, 'http://food.gznet.com/Admin/Upfile/Image/20110804/1312424023187.jpg', '');
INSERT INTO `qb_dianping_pic` VALUES (25, 6, 18, 0, 1, 0, 'http://food.gznet.com/Admin/Upfile/Image/20110804/1312423874173.jpg', '');
INSERT INTO `qb_dianping_pic` VALUES (26, 5, 18, 0, 1, 0, 'http://food.gznet.com/Admin/Upfile/Image/20110415/1302825887456.jpg', '');
INSERT INTO `qb_dianping_pic` VALUES (27, 5, 18, 0, 1, 0, 'http://food.gznet.com/Admin/Upfile/Image/20110415/1302825776323.jpg', '');
INSERT INTO `qb_dianping_pic` VALUES (28, 5, 18, 0, 1, 0, 'http://food.gznet.com/Admin/Upfile/Image/20110415/1302825738576.jpg', '');
INSERT INTO `qb_dianping_pic` VALUES (29, 5, 18, 0, 1, 0, 'http://food.gznet.com/Admin/Upfile/Image/20110415/1302825841078.jpg', '');
INSERT INTO `qb_dianping_pic` VALUES (30, 4, 18, 0, 1, 0, 'http://food.gznet.com/Admin/Upfile/Image/20110314/1300062511813.jpg', '');
INSERT INTO `qb_dianping_pic` VALUES (31, 4, 18, 0, 1, 0, 'http://food.gznet.com/Admin/Upfile/Image/20110316/1300252714963.jpg', '');
INSERT INTO `qb_dianping_pic` VALUES (32, 4, 18, 0, 1, 0, 'http://food.gznet.com/Admin/Upfile/Image/20110321/1300682048414.jpg', '');
INSERT INTO `qb_dianping_pic` VALUES (33, 4, 18, 0, 1, 0, 'http://food.gznet.com/Admin/Upfile/Image/20110801/1312160692884.jpg', '');
INSERT INTO `qb_dianping_pic` VALUES (34, 3, 18, 0, 1, 0, 'http://food.gznet.com/Admin/Upfile/Image/20110804/1312423993091.jpg', '');
INSERT INTO `qb_dianping_pic` VALUES (35, 3, 18, 0, 1, 0, 'http://food.gznet.com/Admin/Upfile/Image/20110804/1312418029751.jpg', '');
INSERT INTO `qb_dianping_pic` VALUES (36, 3, 18, 0, 1, 0, 'http://food.gznet.com/Admin/Upfile/Image/20110804/1312423916518.jpg', '');
INSERT INTO `qb_dianping_pic` VALUES (37, 3, 18, 0, 1, 0, 'http://food.gznet.com/Admin/Upfile/Image/20110809/1312854000421.jpg', '');
INSERT INTO `qb_dianping_pic` VALUES (38, 2, 18, 0, 1, 0, 'http://food.gznet.com/Admin/Upfile/Image/20110706/1309917595854.jpg', '');
INSERT INTO `qb_dianping_pic` VALUES (39, 2, 18, 0, 1, 0, 'http://food.gznet.com/Admin/Upfile/Image/20110706/1309917573201.jpg', '');
INSERT INTO `qb_dianping_pic` VALUES (40, 2, 18, 0, 1, 0, 'http://food.gznet.com/Admin/Upfile/Image/20110706/1309912211941.jpg', '');
INSERT INTO `qb_dianping_pic` VALUES (41, 2, 18, 0, 1, 0, 'http://food.gznet.com/Admin/Upfile/Image/20110706/1309917643700.jpg', '');

# --------------------------------------------------------

#
# 表的结构 `qb_dianping_report`
#

DROP TABLE IF EXISTS `qb_dianping_report`;
CREATE TABLE `qb_dianping_report` (
  `rid` mediumint(7) NOT NULL auto_increment,
  `id` mediumint(7) NOT NULL default '0',
  `fid` mediumint(7) NOT NULL default '0',
  `uid` mediumint(7) NOT NULL default '0',
  `username` varchar(30) NOT NULL default '',
  `posttime` int(10) NOT NULL default '0',
  `onlineip` varchar(15) NOT NULL default '',
  `type` tinyint(2) NOT NULL default '0',
  `content` text NOT NULL,
  `iftrue` tinyint(1) NOT NULL default '0',
  PRIMARY KEY  (`rid`)
) TYPE=MyISAM AUTO_INCREMENT=1 ;

#
# 导出表中的数据 `qb_dianping_report`
#


# --------------------------------------------------------

#
# 表的结构 `qb_dianping_sort`
#

DROP TABLE IF EXISTS `qb_dianping_sort`;
CREATE TABLE `qb_dianping_sort` (
  `fid` mediumint(7) unsigned NOT NULL auto_increment,
  `fup` mediumint(7) unsigned NOT NULL default '0',
  `name` varchar(50) NOT NULL default '',
  `mid` smallint(4) NOT NULL default '0',
  `class` smallint(4) NOT NULL default '0',
  `sons` smallint(4) NOT NULL default '0',
  `type` tinyint(1) NOT NULL default '0',
  `admin` varchar(100) NOT NULL default '',
  `list` int(10) NOT NULL default '0',
  `listorder` tinyint(2) NOT NULL default '0',
  `passwd` varchar(32) NOT NULL default '',
  `logo` varchar(150) NOT NULL default '',
  `descrip` text NOT NULL,
  `style` varchar(50) NOT NULL default '',
  `template` text NOT NULL,
  `jumpurl` varchar(150) NOT NULL default '',
  `maxperpage` tinyint(3) NOT NULL default '0',
  `metatitle` varchar(250) NOT NULL default '',
  `metakeywords` varchar(255) NOT NULL default '',
  `metadescription` varchar(255) NOT NULL default '',
  `allowcomment` tinyint(1) NOT NULL default '0',
  `allowpost` varchar(150) NOT NULL default '',
  `allowviewtitle` varchar(150) NOT NULL default '',
  `allowviewcontent` varchar(150) NOT NULL default '',
  `allowdownload` varchar(150) NOT NULL default '',
  `forbidshow` tinyint(1) NOT NULL default '0',
  `config` mediumtext NOT NULL,
  `index_show` tinyint(1) NOT NULL default '0',
  `contents` mediumint(4) NOT NULL default '0',
  `tableid` varchar(30) NOT NULL default '',
  `dir_name` varchar(50) NOT NULL default '',
  `ifcolor` tinyint(1) NOT NULL default '0',
  PRIMARY KEY  (`fid`)
) TYPE=MyISAM AUTO_INCREMENT=65 ;

#
# 导出表中的数据 `qb_dianping_sort`
#

INSERT INTO `qb_dianping_sort` VALUES (1, 0, '餐饮美食', 1, 1, 0, 1, '', 0, 0, '', '', '', '', '', '', 0, '', '', '', 1, '', '', '', '', 0, '', 0, 0, '', '', 0);
INSERT INTO `qb_dianping_sort` VALUES (2, 0, '休闲娱乐', 2, 1, 0, 1, '', 0, 0, '', '', '', '', '', '', 0, '', '', '', 1, '', '', '', '', 0, '', 0, 0, '', '', 0);
INSERT INTO `qb_dianping_sort` VALUES (3, 0, '购物服务', 3, 1, 0, 1, '', 0, 0, '', '', '', '', '', '', 0, '', '', '', 1, '', '', '', '', 0, '', 0, 0, '', '', 0);
INSERT INTO `qb_dianping_sort` VALUES (4, 0, '便民服务', 3, 1, 0, 1, '', 0, 0, '', '', '', '', '', '', 0, '', '', '', 1, '', '', '', '', 0, '', 0, 0, '', '', 0);
INSERT INTO `qb_dianping_sort` VALUES (5, 0, '旅游酒店', 3, 1, 0, 1, '', 0, 0, '', '', '', '', '', '', 0, '', '', '', 1, '', '', '', '', 0, '', 0, 0, '', '', 0);
INSERT INTO `qb_dianping_sort` VALUES (6, 0, '教育培训', 3, 1, 0, 1, '', 0, 0, '', '', '', '', '', '', 0, '', '', '', 1, '', '', '', '', 0, '', 0, 0, '', '', 0);
INSERT INTO `qb_dianping_sort` VALUES (7, 0, '美容保健', 3, 1, 0, 1, '', 0, 0, '', '', '', '', '', '', 0, '', '', '', 1, '', '', '', '', 0, '', 0, 0, '', '', 0);
INSERT INTO `qb_dianping_sort` VALUES (8, 0, '车辆服务', 3, 1, 0, 1, '', 0, 0, '', '', '', '', '', '', 0, '', '', '', 1, '', '', '', '', 0, '', 0, 0, '', '', 0);
INSERT INTO `qb_dianping_sort` VALUES (9, 0, '医疗健康', 3, 1, 0, 1, '', 0, 0, '', '', '', '', '', '', 0, '', '', '', 1, '', '', '', '', 0, '', 0, 0, '', '', 0);
INSERT INTO `qb_dianping_sort` VALUES (10, 1, '小吃快餐', 1, 2, 0, 0, '', 0, 0, '', '', '', '', '', '', 0, '', '', '', 1, '', '', '', '', 0, '', 0, 0, '', '', 0);
INSERT INTO `qb_dianping_sort` VALUES (11, 1, '甜品饮品', 1, 2, 0, 0, '', 0, 0, '', '', '', '', 'a:4:{s:4:"head";s:0:"";s:4:"foot";s:0:"";s:4:"list";s:0:"";s:8:"bencandy";s:0:"";}', '', 0, '', '', '', 0, '', '', '', '', 0, 'a:2:{s:7:"is_html";N;s:11:"field_value";N;}', 0, 0, '', 'tianpinyinpin', 0);
INSERT INTO `qb_dianping_sort` VALUES (12, 1, '火锅', 1, 2, 0, 0, '', 0, 0, '', '', '', '', '', '', 0, '', '', '', 1, '', '', '', '', 0, '', 0, 0, '', '', 0);
INSERT INTO `qb_dianping_sort` VALUES (13, 1, '西餐', 1, 2, 0, 0, '', 0, 0, '', '', '', '', '', '', 0, '', '', '', 1, '', '', '', '', 0, '', 0, 0, '', '', 0);
INSERT INTO `qb_dianping_sort` VALUES (14, 1, '面包蛋糕', 1, 2, 0, 0, '', 0, 0, '', '', '', '', 'a:4:{s:4:"head";s:0:"";s:4:"foot";s:0:"";s:4:"list";s:0:"";s:8:"bencandy";s:0:"";}', '', 0, '', '', '', 0, '', '', '', '', 0, 'a:2:{s:7:"is_html";N;s:11:"field_value";N;}', 0, 0, '', 'mianbaodangao', 0);
INSERT INTO `qb_dianping_sort` VALUES (15, 1, '川菜', 1, 2, 0, 0, '', 0, 0, '', '', '', '', '', '', 0, '', '', '', 1, '', '', '', '', 0, '', 0, 0, '', '', 0);
INSERT INTO `qb_dianping_sort` VALUES (16, 1, '海鲜', 1, 2, 0, 0, '', 0, 0, '', '', '', '', '', '', 0, '', '', '', 1, '', '', '', '', 0, '', 0, 0, '', '', 0);
INSERT INTO `qb_dianping_sort` VALUES (17, 1, '主题餐厅', 1, 2, 0, 0, '', 0, 0, '', '', '', '', '', '', 0, '', '', '', 1, '', '', '', '', 0, '', 0, 0, '', '', 0);
INSERT INTO `qb_dianping_sort` VALUES (18, 1, '粤菜', 1, 2, 0, 0, '', 0, 0, '', '', '', '', '', '', 0, '', '', '', 1, '', '', '', '', 0, '', 0, 0, '', '', 0);
INSERT INTO `qb_dianping_sort` VALUES (19, 1, '自助', 1, 2, 0, 0, '', 0, 0, '', '', '', '', '', '', 0, '', '', '', 1, '', '', '', '', 0, '', 0, 0, '', '', 0);
INSERT INTO `qb_dianping_sort` VALUES (20, 1, '东北菜', 1, 2, 0, 0, '', 0, 0, '', '', '', '', '', '', 0, '', '', '', 1, '', '', '', '', 0, '', 0, 0, '', '', 0);
INSERT INTO `qb_dianping_sort` VALUES (21, 1, '日本料理', 1, 2, 0, 0, '', 0, 0, '', '', '', '', '', '', 0, '', '', '', 1, '', '', '', '', 0, '', 0, 0, '', '', 0);
INSERT INTO `qb_dianping_sort` VALUES (22, 1, '韩国料理', 1, 2, 0, 0, '', 0, 0, '', '', '', '', '', '', 0, '', '', '', 1, '', '', '', '', 0, '', 0, 0, '', '', 0);
INSERT INTO `qb_dianping_sort` VALUES (23, 1, '湘菜', 1, 2, 0, 0, '', 0, 0, '', '', '', '', '', '', 0, '', '', '', 1, '', '', '', '', 0, '', 0, 0, '', '', 0);
INSERT INTO `qb_dianping_sort` VALUES (24, 1, '清真', 1, 2, 0, 0, '', 0, 0, '', '', '', '', '', '', 0, '', '', '', 1, '', '', '', '', 0, '', 0, 0, '', '', 0);
INSERT INTO `qb_dianping_sort` VALUES (25, 2, '酒吧', 2, 2, 0, 0, '', 0, 0, '', '', '', '', '', '', 0, '', '', '', 1, '', '', '', '', 0, '', 0, 0, '', '', 0);
INSERT INTO `qb_dianping_sort` VALUES (26, 2, 'KTV', 2, 2, 0, 0, '', 0, 0, '', '', '', '', '', '', 0, '', '', '', 1, '', '', '', '', 0, '', 0, 0, '', '', 0);
INSERT INTO `qb_dianping_sort` VALUES (27, 2, '棋牌', 2, 2, 0, 0, '', 0, 0, '', '', '', '', '', '', 0, '', '', '', 1, '', '', '', '', 0, '', 0, 0, '', '', 0);
INSERT INTO `qb_dianping_sort` VALUES (28, 2, '健身', 2, 2, 0, 0, '', 0, 0, '', '', '', '', '', '', 0, '', '', '', 1, '', '', '', '', 0, '', 0, 0, '', '', 0);
INSERT INTO `qb_dianping_sort` VALUES (29, 2, '洗浴', 2, 2, 0, 0, '', 0, 0, '', '', '', '', '', '', 0, '', '', '', 1, '', '', '', '', 0, '', 0, 0, '', '', 0);
INSERT INTO `qb_dianping_sort` VALUES (30, 2, '网吧', 2, 2, 0, 0, '', 0, 0, '', '', '', '', '', '', 0, '', '', '', 1, '', '', '', '', 0, '', 0, 0, '', '', 0);
INSERT INTO `qb_dianping_sort` VALUES (31, 3, '超市/士多', 3, 2, 0, 0, '', 0, 0, '', '', '', '', '', '', 0, '', '', '', 1, '', '', '', '', 0, '', 0, 0, '', '', 0);
INSERT INTO `qb_dianping_sort` VALUES (32, 3, '通讯/数码产品', 3, 2, 0, 0, '', 0, 0, '', '', '', '', '', '', 0, '', '', '', 1, '', '', '', '', 0, '', 0, 0, '', '', 0);
INSERT INTO `qb_dianping_sort` VALUES (33, 3, '水果店', 3, 2, 0, 0, '', 0, 0, '', '', '', '', '', '', 0, '', '', '', 1, '', '', '', '', 0, '', 0, 0, '', '', 0);
INSERT INTO `qb_dianping_sort` VALUES (34, 3, '杂货店', 3, 2, 0, 0, '', 0, 0, '', '', '', '', '', '', 0, '', '', '', 1, '', '', '', '', 0, '', 0, 0, '', '', 0);
INSERT INTO `qb_dianping_sort` VALUES (35, 3, '工艺品店', 3, 2, 0, 0, '', 0, 0, '', '', '', '', '', '', 0, '', '', '', 1, '', '', '', '', 0, '', 0, 0, '', '', 0);
INSERT INTO `qb_dianping_sort` VALUES (36, 4, '婚庆/摄影摄像', 3, 2, 0, 0, '', 0, 0, '', '', '', '', '', '', 0, '', '', '', 1, '', '', '', '', 0, '', 0, 0, '', '', 0);
INSERT INTO `qb_dianping_sort` VALUES (37, 4, '家政/保姆', 3, 2, 0, 0, '', 0, 0, '', '', '', '', '', '', 0, '', '', '', 1, '', '', '', '', 0, '', 0, 0, '', '', 0);
INSERT INTO `qb_dianping_sort` VALUES (38, 4, '维修', 3, 2, 0, 0, '', 0, 0, '', '', '', '', '', '', 0, '', '', '', 1, '', '', '', '', 0, '', 0, 0, '', '', 0);
INSERT INTO `qb_dianping_sort` VALUES (39, 4, '搬家/搬运', 3, 2, 0, 0, '', 0, 0, '', '', '', '', '', '', 0, '', '', '', 1, '', '', '', '', 0, '', 0, 0, '', '', 0);
INSERT INTO `qb_dianping_sort` VALUES (40, 4, '开锁/配钥匙', 3, 2, 0, 0, '', 0, 0, '', '', '', '', '', '', 0, '', '', '', 1, '', '', '', '', 0, '', 0, 0, '', '', 0);
INSERT INTO `qb_dianping_sort` VALUES (41, 4, '保洁', 3, 2, 0, 0, '', 0, 0, '', '', '', '', '', '', 0, '', '', '', 1, '', '', '', '', 0, '', 0, 0, '', '', 0);
INSERT INTO `qb_dianping_sort` VALUES (42, 4, '快递', 3, 2, 0, 0, '', 0, 0, '', '', '', '', '', '', 0, '', '', '', 1, '', '', '', '', 0, '', 0, 0, '', '', 0);
INSERT INTO `qb_dianping_sort` VALUES (43, 5, '星级酒店', 3, 2, 0, 0, '', 0, 0, '', '', '', '', '', '', 0, '', '', '', 1, '', '', '', '', 0, '', 0, 0, '', '', 0);
INSERT INTO `qb_dianping_sort` VALUES (44, 5, '旅馆/客栈', 3, 2, 0, 0, '', 0, 0, '', '', '', '', '', '', 0, '', '', '', 1, '', '', '', '', 0, '', 0, 0, '', '', 0);
INSERT INTO `qb_dianping_sort` VALUES (45, 5, '旅行社', 3, 2, 0, 0, '', 0, 0, '', '', '', '', '', '', 0, '', '', '', 1, '', '', '', '', 0, '', 0, 0, '', '', 0);
INSERT INTO `qb_dianping_sort` VALUES (46, 5, '景点景区', 3, 2, 0, 0, '', 0, 0, '', '', '', '', '', '', 0, '', '', '', 1, '', '', '', '', 0, '', 0, 0, '', '', 0);
INSERT INTO `qb_dianping_sort` VALUES (47, 6, '学校', 3, 2, 0, 0, '', 0, 0, '', '', '', '', '', '', 0, '', '', '', 1, '', '', '', '', 0, '', 0, 0, '', '', 0);
INSERT INTO `qb_dianping_sort` VALUES (48, 6, '培训', 3, 2, 0, 0, '', 0, 0, '', '', '', '', '', '', 0, '', '', '', 1, '', '', '', '', 0, '', 0, 0, '', '', 0);
INSERT INTO `qb_dianping_sort` VALUES (49, 6, '学前教育', 3, 2, 0, 0, '', 0, 0, '', '', '', '', '', '', 0, '', '', '', 1, '', '', '', '', 0, '', 0, 0, '', '', 0);
INSERT INTO `qb_dianping_sort` VALUES (50, 6, '教育机构', 3, 2, 0, 0, '', 0, 0, '', '', '', '', '', '', 0, '', '', '', 1, '', '', '', '', 0, '', 0, 0, '', '', 0);
INSERT INTO `qb_dianping_sort` VALUES (51, 6, '家教', 3, 2, 0, 0, '', 0, 0, '', '', '', '', '', '', 0, '', '', '', 1, '', '', '', '', 0, '', 0, 0, '', '', 0);
INSERT INTO `qb_dianping_sort` VALUES (52, 6, '辅导班', 3, 2, 0, 0, '', 0, 0, '', '', '', '', '', '', 0, '', '', '', 1, '', '', '', '', 0, '', 0, 0, '', '', 0);
INSERT INTO `qb_dianping_sort` VALUES (53, 7, '美发', 3, 2, 0, 0, '', 0, 0, '', '', '', '', '', '', 0, '', '', '', 1, '', '', '', '', 0, '', 0, 0, '', '', 0);
INSERT INTO `qb_dianping_sort` VALUES (54, 7, '美容', 3, 2, 0, 0, '', 0, 0, '', '', '', '', '', '', 0, '', '', '', 1, '', '', '', '', 0, '', 0, 0, '', '', 0);
INSERT INTO `qb_dianping_sort` VALUES (55, 7, '美体', 3, 2, 0, 0, '', 0, 0, '', '', '', '', '', '', 0, '', '', '', 1, '', '', '', '', 0, '', 0, 0, '', '', 0);
INSERT INTO `qb_dianping_sort` VALUES (56, 7, '减肥', 3, 2, 0, 0, '', 0, 0, '', '', '', '', '', '', 0, '', '', '', 1, '', '', '', '', 0, '', 0, 0, '', '', 0);
INSERT INTO `qb_dianping_sort` VALUES (57, 7, '按摩', 3, 2, 0, 0, '', 0, 0, '', '', '', '', '', '', 0, '', '', '', 1, '', '', '', '', 0, '', 0, 0, '', '', 0);
INSERT INTO `qb_dianping_sort` VALUES (58, 8, '汽修维修美容', 3, 2, 0, 0, '', 0, 0, '', '', '', '', '', '', 0, '', '', '', 1, '', '', '', '', 0, '', 0, 0, '', '', 0);
INSERT INTO `qb_dianping_sort` VALUES (59, 8, '车辆租赁买卖', 3, 2, 0, 0, '', 0, 0, '', '', '', '', '', '', 0, '', '', '', 1, '', '', '', '', 0, '', 0, 0, '', '', 0);
INSERT INTO `qb_dianping_sort` VALUES (60, 8, '4S专卖店', 3, 2, 0, 0, '', 0, 0, '', '', '', '', '', '', 0, '', '', '', 1, '', '', '', '', 0, '', 0, 0, '', '', 0);
INSERT INTO `qb_dianping_sort` VALUES (61, 9, '医院', 3, 2, 0, 0, '', 0, 0, '', '', '', '', '', '', 0, '', '', '', 1, '', '', '', '', 0, '', 0, 0, '', '', 0);
INSERT INTO `qb_dianping_sort` VALUES (62, 9, '药店', 3, 2, 0, 0, '', 0, 0, '', '', '', '', '', '', 0, '', '', '', 1, '', '', '', '', 0, '', 0, 0, '', '', 0);
INSERT INTO `qb_dianping_sort` VALUES (63, 9, '诊所', 3, 2, 0, 0, '', 0, 0, '', '', '', '', '', '', 0, '', '', '', 1, '', '', '', '', 0, '', 0, 0, '', '', 0);
INSERT INTO `qb_dianping_sort` VALUES (64, 9, '整容整形', 3, 2, 0, 0, '', 0, 0, '', '', '', '', '', '', 0, '', '', '', 1, '', '', '', '', 0, '', 0, 0, '', '', 0);
