INSERT INTO `qb_module` (`id`, `type`, `name`, `pre`, `dirname`, `domain`, `admindir`, `config`, `list`, `admingroup`, `adminmember`, `ifclose`) VALUES (31, 2, '人才招聘', 'hr_', 'hr', '', '', 'a:7:{s:12:"list_PhpName";s:18:"list.php?&fid=$fid";s:12:"show_PhpName";s:29:"bencandy.php?&fid=$fid&id=$id";s:8:"MakeHtml";N;s:14:"list_HtmlName1";N;s:14:"show_HtmlName1";N;s:14:"list_HtmlName2";N;s:14:"show_HtmlName2";N;}', 76, '', '', 0);



INSERT INTO `qb_label` (`lid`, `name`, `ch`, `chtype`, `tag`, `type`, `typesystem`, `code`, `divcode`, `hide`, `js_time`, `uid`, `username`, `posttime`, `pagetype`, `module`, `fid`, `if_js`, `style`) VALUES ('', '', 0, 0, 'hr_adbr', 'pic', 0, 'a:4:{s:6:"imgurl";s:32:"label/1_20101019141007_zo1nz.jpg";s:7:"imglink";s:1:"#";s:5:"width";s:3:"980";s:6:"height";s:2:"65";}', 'a:3:{s:5:"div_w";s:3:"980";s:5:"div_h";s:2:"65";s:11:"div_bgcolor";s:0:"";}', 0, 0, 1, 'admin', 1287470269, 0, 31, 0, 0, 'yellow');
INSERT INTO `qb_label` (`lid`, `name`, `ch`, `chtype`, `tag`, `type`, `typesystem`, `code`, `divcode`, `hide`, `js_time`, `uid`, `username`, `posttime`, `pagetype`, `module`, `fid`, `if_js`, `style`) VALUES ('', '', 0, 0, 'hr_ad_1', 'pic', 0, 'a:4:{s:6:"imgurl";s:32:"label/1_20101222161234_b9rha.jpg";s:7:"imglink";s:1:"#";s:5:"width";s:0:"";s:6:"height";s:0:"";}', 'a:3:{s:5:"div_w";s:3:"316";s:5:"div_h";s:2:"57";s:11:"div_bgcolor";s:0:"";}', 0, 0, 1, 'admin', 1293006228, 0, 31, 0, 0, 'default');
INSERT INTO `qb_label` (`lid`, `name`, `ch`, `chtype`, `tag`, `type`, `typesystem`, `code`, `divcode`, `hide`, `js_time`, `uid`, `username`, `posttime`, `pagetype`, `module`, `fid`, `if_js`, `style`) VALUES ('', '', 0, 0, 'hr_ad_2', 'pic', 0, 'a:4:{s:6:"imgurl";s:32:"label/1_20101222161202_cbypv.gif";s:7:"imglink";s:1:"#";s:5:"width";s:0:"";s:6:"height";s:0:"";}', 'a:3:{s:5:"div_w";s:3:"316";s:5:"div_h";s:2:"58";s:11:"div_bgcolor";s:0:"";}', 0, 0, 1, 'admin', 1293006247, 0, 31, 0, 0, 'default');
INSERT INTO `qb_label` (`lid`, `name`, `ch`, `chtype`, `tag`, `type`, `typesystem`, `code`, `divcode`, `hide`, `js_time`, `uid`, `username`, `posttime`, `pagetype`, `module`, `fid`, `if_js`, `style`) VALUES ('', '', 0, 0, 'hr_ad_3', 'pic', 0, 'a:4:{s:6:"imgurl";s:32:"label/1_20101222161202_3hyal.gif";s:7:"imglink";s:1:"#";s:5:"width";s:0:"";s:6:"height";s:0:"";}', 'a:3:{s:5:"div_w";s:3:"315";s:5:"div_h";s:2:"57";s:11:"div_bgcolor";s:0:"";}', 0, 0, 1, 'admin', 1293006266, 0, 31, 0, 0, 'default');
INSERT INTO `qb_label` (`lid`, `name`, `ch`, `chtype`, `tag`, `type`, `typesystem`, `code`, `divcode`, `hide`, `js_time`, `uid`, `username`, `posttime`, `pagetype`, `module`, `fid`, `if_js`, `style`) VALUES ('', '', 0, 0, 'hr_ad_4', 'pic', 0, 'a:4:{s:6:"imgurl";s:32:"label/1_20101222161249_h3kz4.gif";s:7:"imglink";s:1:"#";s:5:"width";s:0:"";s:6:"height";s:0:"";}', 'a:3:{s:5:"div_w";s:3:"154";s:5:"div_h";s:2:"57";s:11:"div_bgcolor";s:0:"";}', 0, 0, 1, 'admin', 1293006235, 0, 31, 0, 0, 'default');
INSERT INTO `qb_label` (`lid`, `name`, `ch`, `chtype`, `tag`, `type`, `typesystem`, `code`, `divcode`, `hide`, `js_time`, `uid`, `username`, `posttime`, `pagetype`, `module`, `fid`, `if_js`, `style`) VALUES ('', '', 0, 0, 'hr_ad_5', 'pic', 0, 'a:4:{s:6:"imgurl";s:32:"label/1_20101222161241_vew3t.jpg";s:7:"imglink";s:1:"#";s:5:"width";s:0:"";s:6:"height";s:0:"";}', 'a:3:{s:5:"div_w";s:3:"156";s:5:"div_h";s:2:"57";s:11:"div_bgcolor";s:0:"";}', 0, 0, 1, 'admin', 1293006253, 0, 31, 0, 0, 'default');
INSERT INTO `qb_label` (`lid`, `name`, `ch`, `chtype`, `tag`, `type`, `typesystem`, `code`, `divcode`, `hide`, `js_time`, `uid`, `username`, `posttime`, `pagetype`, `module`, `fid`, `if_js`, `style`) VALUES ('', '', 0, 0, 'hr_ad_6', 'pic', 0, 'a:4:{s:6:"imgurl";s:32:"label/1_20101222161214_labun.gif";s:7:"imglink";s:1:"#";s:5:"width";s:0:"";s:6:"height";s:0:"";}', 'a:3:{s:5:"div_w";s:3:"153";s:5:"div_h";s:2:"59";s:11:"div_bgcolor";s:0:"";}', 0, 0, 1, 'admin', 1293006272, 0, 31, 0, 0, 'default');
INSERT INTO `qb_label` (`lid`, `name`, `ch`, `chtype`, `tag`, `type`, `typesystem`, `code`, `divcode`, `hide`, `js_time`, `uid`, `username`, `posttime`, `pagetype`, `module`, `fid`, `if_js`, `style`) VALUES ('', '', 0, 0, 'hr_ad_7', 'pic', 0, 'a:4:{s:6:"imgurl";s:32:"label/1_20101222161201_bczen.gif";s:7:"imglink";s:1:"#";s:5:"width";s:0:"";s:6:"height";s:0:"";}', 'a:3:{s:5:"div_w";s:3:"155";s:5:"div_h";s:2:"57";s:11:"div_bgcolor";s:0:"";}', 0, 0, 1, 'admin', 1293006241, 0, 31, 0, 0, 'default');
INSERT INTO `qb_label` (`lid`, `name`, `ch`, `chtype`, `tag`, `type`, `typesystem`, `code`, `divcode`, `hide`, `js_time`, `uid`, `username`, `posttime`, `pagetype`, `module`, `fid`, `if_js`, `style`) VALUES ('', '', 0, 0, 'hr_ad_8', 'pic', 0, 'a:4:{s:6:"imgurl";s:32:"label/1_20101222161225_9ols0.gif";s:7:"imglink";s:1:"#";s:5:"width";s:0:"";s:6:"height";s:0:"";}', 'a:3:{s:5:"div_w";s:3:"156";s:5:"div_h";s:2:"57";s:11:"div_bgcolor";s:0:"";}', 0, 0, 1, 'admin', 1293006260, 0, 31, 0, 0, 'default');
INSERT INTO `qb_label` (`lid`, `name`, `ch`, `chtype`, `tag`, `type`, `typesystem`, `code`, `divcode`, `hide`, `js_time`, `uid`, `username`, `posttime`, `pagetype`, `module`, `fid`, `if_js`, `style`) VALUES ('', '', 0, 0, 'hr_ad_9', 'pic', 0, 'a:4:{s:6:"imgurl";s:32:"label/1_20101222161237_kliyb.gif";s:7:"imglink";s:1:"#";s:5:"width";s:0:"";s:6:"height";s:0:"";}', 'a:3:{s:5:"div_w";s:3:"155";s:5:"div_h";s:2:"57";s:11:"div_bgcolor";s:0:"";}', 0, 0, 1, 'admin', 1293006278, 0, 31, 0, 0, 'default');
INSERT INTO `qb_label` (`lid`, `name`, `ch`, `chtype`, `tag`, `type`, `typesystem`, `code`, `divcode`, `hide`, `js_time`, `uid`, `username`, `posttime`, `pagetype`, `module`, `fid`, `if_js`, `style`) VALUES ('', '', 0, 0, 'hr_aod1', 'pic', 0, 'a:4:{s:6:"imgurl";s:32:"label/1_20101102101125_x0cdr.gif";s:7:"imglink";s:1:"#";s:5:"width";s:3:"250";s:6:"height";s:3:"100";}', 'a:3:{s:5:"div_w";s:0:"";s:5:"div_h";s:0:"";s:11:"div_bgcolor";s:0:"";}', 0, 0, 1, 'admin', 0, 0, 31, 0, 0, 'default');
INSERT INTO `qb_label` (`lid`, `name`, `ch`, `chtype`, `tag`, `type`, `typesystem`, `code`, `divcode`, `hide`, `js_time`, `uid`, `username`, `posttime`, `pagetype`, `module`, `fid`, `if_js`, `style`) VALUES ('', '', 0, 0, 'hr_k2', 'pic', 0, 'a:4:{s:6:"imgurl";s:32:"label/1_20101019141047_fthry.jpg";s:7:"imglink";s:1:"#";s:5:"width";s:3:"715";s:6:"height";s:2:"88";}', 'a:3:{s:5:"div_w";s:0:"";s:5:"div_h";s:0:"";s:11:"div_bgcolor";s:0:"";}', 0, 0, 1, 'admin', 0, 0, 31, 0, 0, 'yellow');
INSERT INTO `qb_label` (`lid`, `name`, `ch`, `chtype`, `tag`, `type`, `typesystem`, `code`, `divcode`, `hide`, `js_time`, `uid`, `username`, `posttime`, `pagetype`, `module`, `fid`, `if_js`, `style`) VALUES ('', '', 0, 0, 'hr_news1', 'code', 0, '求职经验', 'a:4:{s:9:"html_edit";N;s:5:"div_w";s:0:"";s:5:"div_h";s:0:"";s:11:"div_bgcolor";s:0:"";}', 0, 0, 1, 'admin', 0, 0, 31, 0, 0, 'yellow');
INSERT INTO `qb_label` (`lid`, `name`, `ch`, `chtype`, `tag`, `type`, `typesystem`, `code`, `divcode`, `hide`, `js_time`, `uid`, `username`, `posttime`, `pagetype`, `module`, `fid`, `if_js`, `style`) VALUES ('', '', 0, 0, 'hr_news2', 'article', 1, 'a:32:{s:13:"tplpart_1code";s:47:"・<a href="$url" target="_blank">$title</a><br>";s:13:"tplpart_2code";s:0:"";s:3:"SYS";s:7:"artcile";s:13:"RollStyleType";s:0:"";s:8:"rolltype";s:10:"scrollLeft";s:8:"rolltime";s:1:"3";s:11:"roll_height";s:2:"50";s:5:"width";s:3:"250";s:6:"height";s:3:"187";s:7:"newhour";s:2:"24";s:7:"hothits";s:3:"100";s:7:"amodule";s:1:"0";s:7:"tplpath";s:0:"";s:6:"DivTpl";i:1;s:5:"fiddb";N;s:5:"stype";s:1:"4";s:2:"yz";s:1:"1";s:7:"hidefid";N;s:10:"timeformat";s:11:"Y-m-d H:i:s";s:5:"order";s:6:"A.list";s:3:"asc";s:4:"DESC";s:6:"levels";s:3:"all";s:7:"rowspan";s:1:"8";s:3:"sql";s:102:" SELECT A.*,A.aid AS id FROM qb_article A  WHERE A.yz=1  AND A.mid=\'0\'   ORDER BY A.list DESC LIMIT 8 ";s:4:"sql2";N;s:7:"colspan";s:1:"1";s:11:"content_num";s:2:"80";s:12:"content_num2";s:3:"120";s:8:"titlenum";s:2:"36";s:9:"titlenum2";s:2:"40";s:10:"titleflood";s:1:"0";s:10:"c_rolltype";s:1:"0";}', 'a:3:{s:5:"div_w";s:2:"50";s:5:"div_h";s:2:"30";s:11:"div_bgcolor";s:0:"";}', 0, 0, 1, 'admin', 0, 0, 31, 0, 0, 'yellow');
INSERT INTO `qb_label` (`lid`, `name`, `ch`, `chtype`, `tag`, `type`, `typesystem`, `code`, `divcode`, `hide`, `js_time`, `uid`, `username`, `posttime`, `pagetype`, `module`, `fid`, `if_js`, `style`) VALUES ('', '', 0, 0, 'hr_news3', 'code', 0, '热门职位', 'a:4:{s:9:"html_edit";N;s:5:"div_w";s:0:"";s:5:"div_h";s:0:"";s:11:"div_bgcolor";s:0:"";}', 0, 0, 1, 'admin', 0, 0, 31, 0, 0, 'yellow');
INSERT INTO `qb_label` (`lid`, `name`, `ch`, `chtype`, `tag`, `type`, `typesystem`, `code`, `divcode`, `hide`, `js_time`, `uid`, `username`, `posttime`, `pagetype`, `module`, `fid`, `if_js`, `style`) VALUES ('', '', 0, 0, 'hr_nrws4', 'Info_hr_', 1, 'a:28:{s:13:"tplpart_1code";s:48:"・<a href="$url" target="_blank" >$title</a><br>";s:13:"tplpart_2code";s:0:"";s:3:"SYS";s:2:"wn";s:6:"wninfo";s:3:"hr_";s:9:"noReadMid";i:1;s:5:"width";s:3:"250";s:6:"height";s:3:"187";s:8:"rolltype";s:10:"scrollLeft";s:8:"rolltime";s:1:"3";s:11:"roll_height";s:2:"50";s:11:"content_num";s:2:"80";s:7:"newhour";s:2:"24";s:7:"hothits";s:2:"30";s:7:"tplpath";s:0:"";s:6:"DivTpl";i:1;s:5:"fiddb";N;s:8:"moduleid";s:1:"1";s:5:"stype";s:1:"4";s:2:"yz";s:3:"all";s:10:"timeformat";s:11:"Y-m-d H:i:s";s:5:"order";s:4:"A.id";s:3:"asc";s:4:"DESC";s:6:"levels";s:3:"all";s:7:"rowspan";s:1:"5";s:3:"sql";s:206:"SELECT A.*,B.*,C.title AS companyname FROM qb_hr_content A LEFT JOIN qb_hr_content_1 B ON A.id=B.id LEFT JOIN qb_hy_company C ON A.uid=C.uid  WHERE A.city_id=\'$GLOBALS[city_id]\'  ORDER BY A.id DESC LIMIT 5 ";s:7:"colspan";s:1:"1";s:8:"titlenum";s:2:"30";s:10:"titleflood";s:1:"0";}', 'a:3:{s:5:"div_w";s:3:"199";s:5:"div_h";s:3:"129";s:11:"div_bgcolor";s:0:"";}', 0, 0, 1, 'admin', 1293008748, 0, 31, 0, 0, 'default');
    

# --------------------------------------------------------

#
# 表的结构 `qb_hr_apply`
#

DROP TABLE IF EXISTS `qb_hr_apply`;
CREATE TABLE `qb_hr_apply` (
  `id` mediumint(7) NOT NULL auto_increment,
  `cid` mediumint(7) NOT NULL default '0',
  `uid` mediumint(7) NOT NULL default '0',
  `join_id` mediumint(7) NOT NULL default '0',
  `posttime` int(10) NOT NULL default '0',
  PRIMARY KEY  (`id`),
  KEY `uid` (`uid`),
  KEY `cid` (`cid`),
  KEY `join_id` (`join_id`)
) TYPE=MyISAM AUTO_INCREMENT=6 ;

#
# 导出表中的数据 `qb_hr_apply`
#

INSERT INTO `qb_hr_apply` VALUES (2, 51, 1, 1, 1284781155);
INSERT INTO `qb_hr_apply` VALUES (3, 50, 1, 1, 1284781163);
INSERT INTO `qb_hr_apply` VALUES (4, 53, 1, 1, 1287207635);
INSERT INTO `qb_hr_apply` VALUES (5, 57, 1, 1, 1288768897);

# --------------------------------------------------------

#
# 表的结构 `qb_hr_collection`
#

DROP TABLE IF EXISTS `qb_hr_collection`;
CREATE TABLE `qb_hr_collection` (
  `id` mediumint(7) NOT NULL auto_increment,
  `memberuid` mediumint(7) NOT NULL default '0',
  `companyuid` mediumint(7) NOT NULL default '0',
  `posttime` int(10) NOT NULL default '0',
  PRIMARY KEY  (`id`),
  KEY `memberuid` (`memberuid`),
  KEY `companyuid` (`companyuid`)
) TYPE=MyISAM AUTO_INCREMENT=2 ;

#
# 导出表中的数据 `qb_hr_collection`
#

INSERT INTO `qb_hr_collection` VALUES (1, 1, 1, 1286508117);

# --------------------------------------------------------

#
# 表的结构 `qb_hr_config`
#

DROP TABLE IF EXISTS `qb_hr_config`;
CREATE TABLE `qb_hr_config` (
  `c_key` varchar(50) NOT NULL default '',
  `c_value` text NOT NULL,
  `c_descrip` text NOT NULL,
  PRIMARY KEY  (`c_key`)
) TYPE=MyISAM;

#
# 导出表中的数据 `qb_hr_config`
#

INSERT INTO `qb_hr_config` VALUES ('module_id', '31', '');
INSERT INTO `qb_hr_config` VALUES ('Info_webname', '人才招聘', '');
INSERT INTO `qb_hr_config` VALUES ('Info_metakeywords', '找工作,就上地方生活门网', '');
INSERT INTO `qb_hr_config` VALUES ('module_pre', 'hr_', '');
INSERT INTO `qb_hr_config` VALUES ('module_close', '0', '');

# --------------------------------------------------------

#
# 表的结构 `qb_hr_content`
#

DROP TABLE IF EXISTS `qb_hr_content`;
CREATE TABLE `qb_hr_content` (
  `id` int(10) NOT NULL auto_increment,
  `title` varchar(100) NOT NULL default '',
  `mid` smallint(4) NOT NULL default '0',
  `fid` mediumint(7) NOT NULL default '0',
  `fname` varchar(50) NOT NULL default '',
  `hits` mediumint(7) NOT NULL default '0',
  `comments` mediumint(7) NOT NULL default '0',
  `posttime` int(10) NOT NULL default '0',
  `list` varchar(10) NOT NULL default '',
  `uid` mediumint(7) NOT NULL default '0',
  `username` varchar(30) NOT NULL default '',
  `picurl` varchar(150) NOT NULL default '',
  `ispic` tinyint(1) NOT NULL default '0',
  `yz` tinyint(1) NOT NULL default '0',
  `yzer` varchar(30) NOT NULL default '',
  `yztime` int(10) NOT NULL default '0',
  `levels` tinyint(2) NOT NULL default '0',
  `levelstime` int(10) NOT NULL default '0',
  `keywords` varchar(100) NOT NULL default '',
  `ip` varchar(15) NOT NULL default '',
  `lastfid` mediumint(7) NOT NULL default '0',
  `editer` varchar(30) NOT NULL default '',
  `edittime` int(10) NOT NULL default '0',
  `begintime` int(10) NOT NULL default '0',
  `endtime` int(10) NOT NULL default '0',
  `lastview` int(10) NOT NULL default '0',
  `city_id` mediumint(7) NOT NULL default '0',
  PRIMARY KEY  (`id`),
  KEY `fid` (`fid`),
  KEY `list` (`list`,`fid`,`yz`),
  KEY `hits` (`hits`),
  KEY `city_id` (`city_id`)
) TYPE=MyISAM AUTO_INCREMENT=59 ;

#
# 导出表中的数据 `qb_hr_content`
#

INSERT INTO `qb_hr_content` VALUES (50, '电脑维修', 1, 4, '计算机硬件', 30, 0, 1284714994, '1284714994', 1, 'admin', '', 0, 1, '', 0, 1, 1286599271, '', '127.0.0.1', 0, '', 0, 0, 0, 1288665501, 1);
INSERT INTO `qb_hr_content` VALUES (51, '打印机维修', 1, 4, '计算机硬件', 174, 0, 1284725512, '1284725512', 1, 'admin', '', 0, 1, '', 0, 1, 1286599271, '', '127.0.0.1', 0, '', 0, 0, 0, 1288665502, 1);
INSERT INTO `qb_hr_content` VALUES (52, '业务员', 1, 6, '互联网开发及应用', 3, 0, 1287117018, '1287117018', 1, 'admin', '', 0, 1, '', 0, 1, 1288667439, '', '127.0.0.1', 0, '', 0, 0, 0, 1288665503, 1);
INSERT INTO `qb_hr_content` VALUES (53, '前台小姐', 1, 6, '互联网开发及应用', 23, 0, 1287124120, '1287124120', 1, 'admin', '', 0, 1, '', 0, 1, 1288667440, '', '127.0.0.1', 0, '', 0, 0, 0, 1288845797, 1);
INSERT INTO `qb_hr_content` VALUES (54, '.net软件开发工程师', 1, 7, '人力资源', 1, 0, 1288665846, '1288665846', 1, 'admin', '', 0, 1, '', 0, 1, 1288667440, '', '127.0.0.1', 0, '', 0, 0, 0, 1288665847, 1);
INSERT INTO `qb_hr_content` VALUES (55, '软件运维工程师', 1, 7, '人力资源', 4, 0, 1288665946, '1288665946', 27, 'test1', '', 0, 1, '', 0, 1, 1288667441, '', '127.0.0.1', 0, '', 0, 0, 0, 1288845794, 1);
INSERT INTO `qb_hr_content` VALUES (56, 'JAVA高级软件工程师', 1, 8, '高级管理', 2, 0, 1288666104, '1288666104', 28, 'test2', '', 0, 1, '', 0, 1, 1288667441, '', '127.0.0.1', 0, '', 0, 0, 0, 1288849347, 1);
INSERT INTO `qb_hr_content` VALUES (57, '销售代表', 1, 10, '销售人员', 9, 0, 1288666239, '1288666239', 29, 'test3', '', 0, 1, '', 0, 1, 1288667442, '', '127.0.0.1', 0, '', 0, 0, 0, 1293506628, 1);
INSERT INTO `qb_hr_content` VALUES (58, '软件销售工程师', 1, 10, '销售人员', 1, 0, 1288666317, '1288666317', 29, 'test3', '', 0, 1, '', 0, 0, 0, '', '127.0.0.1', 0, '', 0, 0, 0, 1288666319, 1);

# --------------------------------------------------------

#
# 表的结构 `qb_hr_content_1`
#

DROP TABLE IF EXISTS `qb_hr_content_1`;
CREATE TABLE `qb_hr_content_1` (
  `rid` mediumint(7) NOT NULL auto_increment,
  `id` int(10) NOT NULL default '0',
  `fid` mediumint(7) NOT NULL default '0',
  `uid` mediumint(7) NOT NULL default '0',
  `content` mediumtext NOT NULL,
  `nums` int(5) NOT NULL default '0',
  `wageyear` tinyint(1) NOT NULL default '0',
  `asksex` tinyint(1) NOT NULL default '0',
  `schoo_age` tinyint(2) NOT NULL default '0',
  `wage` tinyint(2) NOT NULL default '0',
  `workplace` varchar(50) NOT NULL default '',
  PRIMARY KEY  (`rid`),
  KEY `fid` (`fid`),
  KEY `id` (`id`),
  KEY `uid` (`uid`),
  KEY `wageyear` (`wageyear`),
  KEY `schoo_age` (`schoo_age`),
  KEY `wage` (`wage`)
) TYPE=MyISAM AUTO_INCREMENT=11 ;

#
# 导出表中的数据 `qb_hr_content_1`
#

INSERT INTO `qb_hr_content_1` VALUES (2, 50, 4, 1, '吃苦耐劳才行', 8, 1, 1, 5, 1, '广州');
INSERT INTO `qb_hr_content_1` VALUES (3, 51, 4, 1, '有没有呀？', 20, 2, 2, 3, 2, '广州');
INSERT INTO `qb_hr_content_1` VALUES (4, 52, 6, 1, '中国营农场', 8, 1, 1, 5, -1, '上海');
INSERT INTO `qb_hr_content_1` VALUES (5, 53, 6, 1, 'ds大规模集成电路', 12, 1, 1, 1, 2, '广州');
INSERT INTO `qb_hr_content_1` VALUES (6, 54, 7, 1, '工作职责： \r\n1、主要参与移动公司项目或公司产品的开发，维护，升级等工作。 \r\n\r\n职位要求： \r\n1.大专以上学历;一年以上工作经验,优秀毕业生可特别考虑; \r\n2.熟悉 .Net体系框架，熟悉.Net开发环境、C#编程、XML，JavaScript，AJAX； \r\n3.熟悉.Net多层架构的实现，熟悉.Net的分布式技术；熟悉B/S结构；XML WebServices； \r\n4.熟悉SQL Server，灵活应用数据库设计工具；具有扎实的SQL脚本编写能力，熟悉SQL性能优化； \r\n5.熟悉.Net领域业界比较流行的框架，开发工具，控件包，网站； \r\n6.良好的语言表达、沟通能力、协调能力。 \r\n\r\n员工福利： \r\n提供具有竞争力的工资 \r\n提供国家规定社保，医保，公积金等待遇 \r\n提供丰厚的季度考核奖励和年终奖励 \r\n提供定期的技能培训机会 \r\n每年定期举行旅游或其它拓展活动 \r\n为每个员工设定个人职业规划，并提供机会进行磨练。', 69, 1, 1, 6, 3, '北京');
INSERT INTO `qb_hr_content_1` VALUES (7, 55, 7, 27, '任职要求：广东移动业务支撑系统分析、运维职位要求：\r\n1)有电信业务的工作经验，对电信业务流程有所了解，参与过移动BOSS建设更佳\r\n2)能熟练使用oracle数据库\r\n3)有UNIX或Linux的使用经验\r\n4)具备优秀的沟通协调能力和团队合作精神\r\n5）有JAVA或C++的相关开发经验\r\n\r\n6）至少2年以上的工作经验\r\n职责描述：\r\n1)、负责业务系统建设的调研、分析、业务模型设计及系统运维综合素质：\r\n1、沟通良好，责任心强，有较好的自学能力\r\n2、具备良好团队协作精神，能够适应出差与加班\r\n\r\n\r\n\r\n日常工作时间：\r\n\r\n1、 上班时间为周一至周五：9:00--18:00（12:00―13:30为午休）\r\n\r\n2、 公司假期：双休日及法定节假日 、5天带薪年假\r\n\r\n3、 完善的社会保险（五险）福利\r\n\r\n4、 提供项目奖金、年终奖金、餐费补助\r\n\r\n5、 每月至少有一个周末作为公司的活动日，公司将在当天组织活动。\r\n\r\n6、 另外，提供婚假、产假、丧假等假期待遇\r\n\r\n公司地址：广州市天河区软件园工业园建中路60号科迅大厦468-488\r\n\r\n', 3, 2, 2, 6, 3, '上海');
INSERT INTO `qb_hr_content_1` VALUES (8, 56, 8, 28, '1、有1年以上J2EE应用软件开发经验；\r\n2、善于沟通，有团队意识，责任感强,刻苦耐劳；\r\n3、协助技术经理完成项目开发与维护，对公司产品进行二次开发和集成；\r\n4、负责项目的详细设计、代码编写，编写相关文档；\r\n有以下经验者优先考虑\r\n1、有SSH架构和struts2架构进行项目开发经历；\r\n2、掌握sql语言 ，熟悉SQL Server , MySQL , Oracle 至少一种数据库产品；\r\n3、在项目中做过前台应用，掌握JavaScript，熟悉JQuery,ExtJs,GWT-Ext等构架；\r\n4、掌握流行的设计软件PhotoShop,Dreamweaver,Firework;\r\n5、在项目中做过数据统计分析或相关报表的开发经验的人员优先；\r\n6、熟悉wap模拟器，熟悉http、wap协议，熟悉wml、xml、html规范；\r\n7、开发过完整的wap网站者优先考虑，有j2me开发经验者优先考虑.\r\n富有竞争力的福利 \r\n1、社会保险：公司按国家和省市有关规定，为员工购买社会保险。 \r\n2、工作时间：公司每周工作5天，每天工作8小时。 \r\n3、工作餐：公司员工均可享有午餐补助。\r\n', 6, 1, 1, 5, 4, '广州');
INSERT INTO `qb_hr_content_1` VALUES (9, 57, 10, 29, '岗位描述\r\n1、 负责公司医疗设备产品在授权区域（广东省）的销售及推广； \r\n2、 根据公司市场营销计划，协同完成部门销售指示； \r\n3、 负责辖区市场内相关信息的收集、整理、上报。 \r\n\r\n\r\n职位要求： \r\n1、五官端正，开朗乐观，专科或以上学历，男女不限，年龄35岁以下； \r\n2、有良好的医疗市场嗅觉、判断、策划、应变能力，有医疗器械销售经验者优先，英文熟悉者优先； \r\n3、专职，工作热情积极，有责任心，敢于承受压力；\r\n', 6, 1, 2, 1, -1, '北京');
INSERT INTO `qb_hr_content_1` VALUES (10, 58, 10, 29, '岗位职责：\r\n1、收集客户信息，通过电话联系或上门拜访，与客户建立联系； \r\n2、挖掘客户需求，达成销售，完成公司业绩指标要求；\r\n3、与客户建立良好的合作关系。\r\n\r\n\r\n任职要求：\r\n1、大专学历，市场营销、计算机相关专业，二年以上销售工作经验；\r\n2、良好的沟通能力、商务谈判能力，具有亲和力；\r\n3、工作积极主动，富有热情，独挡一面，具有开拓精神；\r\n4、具有良好的团队合作精神，能承受业绩压力；\r\n5、具有ERP等企业管理软件销售工作经验或熟悉服装行业、化妆品行业者优先；\r\n6、公司提供丰厚回报，热忱欢迎有志人士加盟公司共谋发展。', 6, 3, 1, 5, 3, '上海');

# --------------------------------------------------------

#
# 表的结构 `qb_hr_content_2`
#

DROP TABLE IF EXISTS `qb_hr_content_2`;
CREATE TABLE `qb_hr_content_2` (
  `rid` mediumint(7) NOT NULL auto_increment,
  `id` mediumint(7) NOT NULL default '0',
  `uid` mediumint(7) NOT NULL default '0',
  `speciality` varchar(50) NOT NULL default '',
  `age` tinyint(2) NOT NULL default '0',
  `sex` tinyint(1) NOT NULL default '0',
  `truename` varchar(20) NOT NULL default '',
  `height` int(4) NOT NULL default '0',
  `school_age` tinyint(3) NOT NULL default '0',
  `alma_mater` varchar(30) NOT NULL default '',
  `graduate_time` varchar(10) NOT NULL default '',
  `mobphone` varchar(11) NOT NULL default '',
  `qq` varchar(11) NOT NULL default '',
  `email` varchar(50) NOT NULL default '',
  `msn` varchar(50) NOT NULL default '',
  `education` mediumtext NOT NULL,
  `work` mediumtext NOT NULL,
  `introduce` mediumtext NOT NULL,
  `skill` mediumtext NOT NULL,
  `interest` mediumtext NOT NULL,
  `lifeplace` varchar(50) NOT NULL default '',
  `workyear` tinyint(2) NOT NULL default '0',
  `worktime` varchar(20) NOT NULL default '',
  `hope_job` varchar(200) NOT NULL default '',
  `facephoto` varchar(100) NOT NULL default '',
  `wage` tinyint(2) NOT NULL default '0',
  PRIMARY KEY  (`rid`),
  KEY `id` (`id`),
  KEY `uid` (`uid`),
  KEY `sex` (`sex`)
) TYPE=MyISAM AUTO_INCREMENT=8 ;

#
# 导出表中的数据 `qb_hr_content_2`
#

INSERT INTO `qb_hr_content_2` VALUES (1, 1, 1, '英语', 25, 1, '张三丰', 157, 4, '茂名学院', '1982', '13365874577', '55651225', 'fdsag@ac.cn', 'fsda@adf.cn', '大学\r\n小学', '没什么', '牛人一个', '跳远', '流水', '北京', 2, '随时', '美术设计', 'qb_hr_/0/1_20101102111157_hlxdx.jpg', -1);
INSERT INTO `qb_hr_content_2` VALUES (2, 2, 14, '美术', 26, 2, '何人珠', 187, 2, '华南理工大学', '2002', '15874125478', '52145687', 'vcdsfd@dsa.cn', 'fdsa@dfa.cn', '小学:西联小学\r\n中学:星江中学\r\n大学:北京大学', '第一年,网易主编\r\n第二年,搜狐缟工', '我是一个牛人哦\r\n是不是呀', '踢珠\r\n打饭', '没有什么,更好的.', '广州', 2, '随时', '修理工', 'qb_hr_/0/14_20101009111006_gfye0.jpg', 1);
INSERT INTO `qb_hr_content_2` VALUES (3, 3, 29, '市场', 29, 1, '刘太锋', 175, 4, '华南师范大学', '1999', '15878745874', '58745457', 'fdsaf@dsa.cn', '25saf@dsa.cn', '2001-2004年,就读于华东大学\r\n1998-2001年,就读于华东小学', '在网易工作过两年', '吃苦耐劳\r\n拼搏精神', '市场预测\r\n市场分析', '踢皮球\r\n打网球', '北京', 2, '随时', '软件销售工程师', 'qb_hr_/0/29_20101102111131_caqee.jpg', 3);
INSERT INTO `qb_hr_content_2` VALUES (4, 4, 27, '计算机', 31, 1, '黄斌', 185, 1, '中山大学', '2001', '15987777777', '254114', 'fds@dsa.cn', '0fds@dsa.cn', '1998-2000华南附小\r\n2001-2004华南师范大学', '2000年在搜狐工作过\r\n2005年在新浪工作过', '吃苦耐劳\r\n拼搏精神', '计算机高手\r\n游戏高手', '打网球\r\n游泳', '上海', 2, '一周内', '软件工程师', 'qb_hr_/0/27_20101102101131_m6scp.gif', 4);
INSERT INTO `qb_hr_content_2` VALUES (5, 5, 28, '市场', 23, 2, '李丽', 165, 4, '华南大学', '2001', '15371111111', '5478445', 'fds@dsa.cn', 'fds@dsa.cn', '2001-2004华南师范院大学\r\n1998-2000年,华南附小', '曾在网易工作过3年客服\r\n曾在新浪工作过5年客服', '吃苦耐劳\r\n拼搏精神', '客服售后服务\r\n\r\n接待客人', '打球\r\n游泳', '广州', 1, '随时', '客服代表', 'qb_hr_/0/28_20101102111115_mn7ex.jpg', 2);
INSERT INTO `qb_hr_content_2` VALUES (6, 6, 31, '市场', 28, 2, '张春芳', 164, 3, '外语大学', '1998', '15355555555', '456456546', 'fdsafsd@dsa.cn', '0fdsafsd@dsa.cn', '2001-2002年在师范院校就读\r\n1998-1999年在附小就读', '去年在搜狐工作过\r\n前年在新浪工作过', '吃苦耐劳\r\n拼搏精神', '计算机,\r\n市场销售', '打网球\r\n踢足球', '深圳', 1, '随时', '技术主管', 'qb_hr_/0/31_20101102111115_yrnp5.jpg', -1);
INSERT INTO `qb_hr_content_2` VALUES (7, 7, 32, '美工', 23, 1, '何小珍', 168, 4, '美术学院', '2001', '15987878787', '5542354', 'fgds@dsa.cn', '21fgds@dsa.cn', '2001-2003年广州美术大学\r\n1998-1999年广州华中附小', '去年工作在新浪\r\n前年工作在搜狐', '吃苦耐劳\r\n拼搏精神', '美工设计\r\n网页设计', '游泳\r\n打球', '广州', 1, '随时', '网页设计师', 'qb_hr_/0/32_20101102111124_jaf0y.jpg', 4);

# --------------------------------------------------------

#
# 表的结构 `qb_hr_field`
#

DROP TABLE IF EXISTS `qb_hr_field`;
CREATE TABLE `qb_hr_field` (
  `id` mediumint(7) NOT NULL auto_increment,
  `mid` mediumint(5) NOT NULL default '0',
  `title` varchar(50) NOT NULL default '',
  `field_name` varchar(30) NOT NULL default '',
  `field_type` varchar(15) NOT NULL default '',
  `field_leng` smallint(3) NOT NULL default '0',
  `orderlist` int(10) NOT NULL default '0',
  `form_type` varchar(15) NOT NULL default '',
  `field_inputwidth` smallint(3) default NULL,
  `field_inputheight` smallint(3) NOT NULL default '0',
  `form_set` text NOT NULL,
  `form_value` text NOT NULL,
  `form_units` varchar(30) NOT NULL default '',
  `form_title` text NOT NULL,
  `mustfill` tinyint(1) NOT NULL default '0',
  `listshow` tinyint(1) NOT NULL default '0',
  `listfilter` tinyint(1) default NULL,
  `search` tinyint(1) NOT NULL default '0',
  `allowview` varchar(255) NOT NULL default '',
  `allowpost` varchar(255) NOT NULL default '',
  `js_check` text NOT NULL,
  `js_checkmsg` varchar(255) NOT NULL default '',
  `classid` mediumint(7) NOT NULL default '0',
  `form_js` text NOT NULL,
  PRIMARY KEY  (`id`)
) TYPE=MyISAM AUTO_INCREMENT=179 ;

#
# 导出表中的数据 `qb_hr_field`
#

INSERT INTO `qb_hr_field` VALUES (147, 2, '身高', 'height', 'int', 4, 14, 'text', 50, 0, '', '', '厘米', '', 0, 0, 0, 0, '', '', '', '', 1, '');
INSERT INTO `qb_hr_field` VALUES (150, 2, '毕业学校', 'alma_mater', 'varchar', 30, 11, 'text', 100, 0, '', '', '', '', 0, 0, 0, 0, '', '', '', '', 1, '');
INSERT INTO `qb_hr_field` VALUES (86, 2, '专业', 'speciality', 'varchar', 50, 12, 'text', 50, 0, '', '', '', '', 0, 0, 0, 0, '', '', '', '', 1, '');
INSERT INTO `qb_hr_field` VALUES (84, 2, '年龄', 'age', 'int', 2, 17, 'text', 50, 0, '', '', '岁', '', 0, 1, 0, 0, '', '', '', '', 1, '');
INSERT INTO `qb_hr_field` VALUES (151, 2, '毕业年份', 'graduate_time', 'varchar', 10, 10, 'text', 50, 0, '', '', '', '', 0, 0, 0, 0, '', '', '', '', 1, '');
INSERT INTO `qb_hr_field` VALUES (168, 2, '到岗日期', 'worktime', 'varchar', 20, 3, 'text', 100, 0, '', '', '', '', 0, 0, 0, 0, '', '', '', '', 1, '');
INSERT INTO `qb_hr_field` VALUES (79, 2, '性别', 'sex', 'int', 1, 18, 'radio', 50, 0, '1|男\r\n2|女', '1', '', '', 0, 1, 1, 1, '', '', '', '', 1, '');
INSERT INTO `qb_hr_field` VALUES (78, 2, '姓名', 'truename', 'varchar', 20, 20, 'text', 100, 0, '', '', '', '', 0, 1, 0, 0, '', '', '', '', 0, '');
INSERT INTO `qb_hr_field` VALUES (149, 2, '学历', 'school_age', 'int', 3, 13, 'select', 0, 0, '1|小学\r\n2|初中\r\n3|高中\r\n4|中专\r\n5|大专\r\n6|本科\r\n7|研究生\r\n9|博士', '', '', '', 0, 0, 0, 0, '', '', '', '', 1, '');
INSERT INTO `qb_hr_field` VALUES (152, 2, '手机号码', 'mobphone', 'varchar', 11, 9, 'text', 100, 0, '', '', '', '', 0, 0, 0, 0, '', '', '', '', 1, '');
INSERT INTO `qb_hr_field` VALUES (153, 2, 'QQ号码', 'qq', 'varchar', 11, 8, 'text', 100, 0, '', '', '', '', 0, 0, 0, 0, '', '', '', '', 1, '');
INSERT INTO `qb_hr_field` VALUES (154, 2, '常用邮箱', 'email', 'varchar', 50, 7, 'text', 100, 0, '', '', '', '', 0, 0, 0, 0, '', '', '', '', 1, '');
INSERT INTO `qb_hr_field` VALUES (155, 2, 'MSN帐号', 'msn', 'varchar', 50, 6, 'text', 100, 0, '', '', '', '', 0, 0, 0, 0, '', '', '', '', 1, '');
INSERT INTO `qb_hr_field` VALUES (167, 2, '工作年限', 'workyear', 'int', 2, 4, 'select', 0, 0, '0|应届毕业生\r\n1|一年\r\n2|两年\r\n3|三年以上', '0', '', '', 0, 1, 0, 1, '', '', '', '', 1, '');
INSERT INTO `qb_hr_field` VALUES (166, 2, '期望工作城市', 'lifeplace', 'varchar', 50, 5, 'text', 100, 0, '', '', '', '', 0, 0, 0, 0, '', '', '', '', 0, '');
INSERT INTO `qb_hr_field` VALUES (158, 2, '教育背景', 'education', 'mediumtext', 0, -1, 'textarea', 400, 100, '', '', '', '', 0, 0, 0, 0, '', '', '', '', 1, '');
INSERT INTO `qb_hr_field` VALUES (159, 2, '工作经验', 'work', 'mediumtext', 0, -2, 'textarea', 500, 100, '', '', '', '', 0, 0, 0, 0, '', '', '', '', 1, '');
INSERT INTO `qb_hr_field` VALUES (160, 2, '自我评价', 'introduce', 'mediumtext', 0, -3, 'textarea', 500, 100, '', '', '', '', 0, 0, 0, 0, '', '', '', '', 1, '');
INSERT INTO `qb_hr_field` VALUES (161, 2, '技能特长', 'skill', 'mediumtext', 0, -4, 'textarea', 500, 100, '', '', '', '', 0, 0, 0, 0, '', '', '', '', 1, '');
INSERT INTO `qb_hr_field` VALUES (162, 2, '体育爱好', 'interest', 'mediumtext', 0, -5, 'textarea', 500, 100, '', '', '', '', 0, 0, 0, 0, '', '', '', '', 1, '');
INSERT INTO `qb_hr_field` VALUES (164, 1, '详情', 'content', 'mediumtext', 0, -1, 'textarea', 500, 120, '', '', '', '', 0, 0, 0, 0, '', '', '', '', 0, '');
INSERT INTO `qb_hr_field` VALUES (170, 1, '招聘人数', 'nums', 'int', 5, 0, 'text', 50, 0, '', '', '人', '', 0, 0, 0, 0, '', '', '', '', 1, '');
INSERT INTO `qb_hr_field` VALUES (171, 1, '工作经验要求', 'wageyear', 'int', 1, 0, 'select', 0, 0, '1|一年以上\r\n2|两年以上\r\n3|三年以上', '', '', '', 0, 1, 1, 1, '', '', '', '', 0, '');
INSERT INTO `qb_hr_field` VALUES (172, 1, '性别要求', 'asksex', 'int', 1, 0, 'radio', 0, 0, '1|男性\r\n2|女性', '', '', '', 0, 0, 0, 0, '', '', '', '', 0, '');
INSERT INTO `qb_hr_field` VALUES (173, 1, '学历要求', 'schoo_age', 'int', 2, 0, 'select', 0, 0, '1|小学以上\r\n2|中学以上\r\n3|中专以上\r\n4|高中以上\r\n5|大专以上\r\n6|本科以上\r\n7|硕士以上\r\n8|博士以上', '', '', '', 0, 1, 1, 1, '', '', '', '', 0, '');
INSERT INTO `qb_hr_field` VALUES (174, 1, '薪水待遇', 'wage', 'int', 2, 0, 'select', 0, 0, '-1|面议\r\n1|800~1500元\r\n2|1500~2500元\r\n3|2500~3500元\r\n4|3500元以上', '', '', '', 0, 1, 1, 1, '', '', '', '', 0, '');
INSERT INTO `qb_hr_field` VALUES (175, 1, '工作城市', 'workplace', 'varchar', 50, 10, 'text', 150, 0, '', '', '', '', 1, 0, 0, 0, '', '', '', '', 0, '');
INSERT INTO `qb_hr_field` VALUES (176, 2, '期望职位', 'hope_job', 'varchar', 200, 21, 'text', 300, 0, '', '', '', '', 0, 0, 0, 0, '', '', '', '', 0, '');
INSERT INTO `qb_hr_field` VALUES (177, 2, '相片', 'facephoto', 'varchar', 100, 0, 'onepic', 0, 0, '', '', '', '', 0, 0, 0, 0, '', '', '', '', 0, '');
INSERT INTO `qb_hr_field` VALUES (178, 2, '期望待遇', 'wage', 'int', 2, 10, 'select', 0, 0, '-1|面议\r\n1|800~1500元\r\n2|1500~2500元\r\n3|2500~3500元\r\n4|3500元以上', '', '', '', 0, 0, 0, 0, '', '', '', '', 0, '');

# --------------------------------------------------------

#
# 表的结构 `qb_hr_module`
#

DROP TABLE IF EXISTS `qb_hr_module`;
CREATE TABLE `qb_hr_module` (
  `id` smallint(4) NOT NULL auto_increment,
  `sort_id` mediumint(5) NOT NULL default '0',
  `name` varchar(50) NOT NULL default '',
  `list` smallint(4) NOT NULL default '0',
  `style` varchar(50) NOT NULL default '',
  `config` text NOT NULL,
  `config2` text NOT NULL,
  `comment_type` tinyint(1) NOT NULL default '0',
  `ifdp` tinyint(1) NOT NULL default '0',
  `template` text NOT NULL,
  PRIMARY KEY  (`id`)
) TYPE=MyISAM AUTO_INCREMENT=3 ;

#
# 导出表中的数据 `qb_hr_module`
#

INSERT INTO `qb_hr_module` VALUES (1, 0, '职位模型', 0, '', 'N;', '', 0, 0, '');
INSERT INTO `qb_hr_module` VALUES (2, 0, '简历模型', 0, '', 'a:1:{s:9:"moduleSet";N;}', '', 1, 0, 'a:6:{s:4:"list";s:14:"personlist.htm";s:10:"admin_list";s:0:"";s:11:"member_list";s:0:"";s:4:"show";s:14:"personshow.htm";s:4:"post";s:10:"person.htm";s:6:"search";s:16:"personsearch.htm";}');

# --------------------------------------------------------

#
# 表的结构 `qb_hr_person`
#

DROP TABLE IF EXISTS `qb_hr_person`;
CREATE TABLE `qb_hr_person` (
  `id` mediumint(7) NOT NULL auto_increment,
  `mid` smallint(4) NOT NULL default '0',
  `hits` mediumint(7) NOT NULL default '0',
  `posttime` int(10) NOT NULL default '0',
  `uid` mediumint(7) NOT NULL default '0',
  `username` varchar(30) NOT NULL default '',
  `yz` tinyint(1) NOT NULL default '0',
  `levels` tinyint(1) NOT NULL default '0',
  `levelstime` int(10) NOT NULL default '0',
  `ip` varchar(15) NOT NULL default '',
  `city_id` mediumint(7) NOT NULL default '0',
  PRIMARY KEY  (`id`),
  KEY `mid` (`mid`),
  KEY `yz` (`yz`,`mid`),
  KEY `city_id` (`city_id`),
  KEY `uid` (`uid`),
  KEY `levels` (`levels`),
  KEY `posttime` (`posttime`)
) TYPE=MyISAM AUTO_INCREMENT=8 ;

#
# 导出表中的数据 `qb_hr_person`
#

INSERT INTO `qb_hr_person` VALUES (1, 2, 0, 1293007073, 1, 'admin', 1, 1, 1286599134, '127.0.0.1', 1);
INSERT INTO `qb_hr_person` VALUES (5, 2, 0, 1288667067, 28, 'test2', 0, 1, 1288667652, '127.0.0.1', 1);
INSERT INTO `qb_hr_person` VALUES (3, 2, 0, 1288666893, 29, 'test3', 0, 1, 1288667652, '127.0.0.1', 1);
INSERT INTO `qb_hr_person` VALUES (4, 2, 0, 1288666734, 27, 'test1', 0, 1, 1288667650, '127.0.0.1', 1);
INSERT INTO `qb_hr_person` VALUES (6, 2, 0, 1288667240, 31, 'test5', 0, 1, 1288667653, '127.0.0.1', 1);
INSERT INTO `qb_hr_person` VALUES (7, 2, 0, 1288667419, 32, 'test6', 0, 1, 1288667654, '127.0.0.1', 1);

# --------------------------------------------------------

#
# 表的结构 `qb_hr_sort`
#

DROP TABLE IF EXISTS `qb_hr_sort`;
CREATE TABLE `qb_hr_sort` (
  `fid` mediumint(7) unsigned NOT NULL auto_increment,
  `fup` mediumint(7) unsigned NOT NULL default '0',
  `name` varchar(50) NOT NULL default '',
  `mid` smallint(4) NOT NULL default '0',
  `class` smallint(4) NOT NULL default '0',
  `sons` smallint(4) NOT NULL default '0',
  `type` tinyint(1) NOT NULL default '0',
  `admin` varchar(100) NOT NULL default '',
  `list` int(10) NOT NULL default '0',
  `listorder` tinyint(2) NOT NULL default '0',
  `passwd` varchar(32) NOT NULL default '',
  `logo` varchar(150) NOT NULL default '',
  `descrip` text NOT NULL,
  `style` varchar(50) NOT NULL default '',
  `template` text NOT NULL,
  `jumpurl` varchar(150) NOT NULL default '',
  `maxperpage` tinyint(3) NOT NULL default '0',
  `metatitle` varchar(250) NOT NULL default '',
  `metakeywords` varchar(255) NOT NULL default '',
  `metadescription` varchar(255) NOT NULL default '',
  `allowcomment` tinyint(1) NOT NULL default '0',
  `allowpost` varchar(150) NOT NULL default '',
  `allowviewtitle` varchar(150) NOT NULL default '',
  `allowviewcontent` varchar(150) NOT NULL default '',
  `allowdownload` varchar(150) NOT NULL default '',
  `forbidshow` tinyint(1) NOT NULL default '0',
  `config` mediumtext NOT NULL,
  `index_show` tinyint(1) NOT NULL default '0',
  `contents` mediumint(4) NOT NULL default '0',
  `tableid` varchar(30) NOT NULL default '',
  `dir_name` varchar(50) NOT NULL default '',
  `ifcolor` tinyint(1) NOT NULL default '0',
  `spare_start` decimal(9,2) NOT NULL default '0.00',
  `spare_end` decimal(9,2) NOT NULL default '0.00',
  `get_money` decimal(9,2) NOT NULL default '0.00',
  `total_get` decimal(9,2) NOT NULL default '0.00',
  `total_pay` decimal(9,2) NOT NULL default '0.00',
  PRIMARY KEY  (`fid`)
) TYPE=MyISAM AUTO_INCREMENT=12 ;

#
# 导出表中的数据 `qb_hr_sort`
#

INSERT INTO `qb_hr_sort` VALUES (1, 0, '计算机/互联网/通信/电子', 1, 2, 0, 1, '', 10, 0, '', '', '', '', 'N;', '', 0, '', '', '', 0, '', '', '', '', 0, '', 0, 104, '', '', 0, '0.00', '0.00', '0.00', '0.00', '0.00');
INSERT INTO `qb_hr_sort` VALUES (3, 0, '人事/行政/高级管理', 1, 2, 0, 1, '', 0, 0, '', '', '', '', '', '', 0, '', '', '', 1, '', '', '', '', 0, '', 0, 0, '', '', 0, '0.00', '0.00', '0.00', '0.00', '0.00');
INSERT INTO `qb_hr_sort` VALUES (2, 0, '销售/客服/技术支持', 1, 2, 0, 1, '', 0, 0, '', '', '', '', 'N;', '', 0, '', '', '', 0, '', '', '', '', 0, '', 0, 0, '', '', 0, '0.00', '0.00', '0.00', '0.00', '0.00');
INSERT INTO `qb_hr_sort` VALUES (4, 1, '计算机硬件', 1, 3, 0, 0, '', 0, 0, '', '', '', '', '', '', 0, '', '', '', 1, '', '', '', '', 0, '', 0, 0, '', '', 0, '0.00', '0.00', '0.00', '0.00', '0.00');
INSERT INTO `qb_hr_sort` VALUES (5, 1, '计算机软件', 1, 3, 0, 0, '', 0, 0, '', '', '', '', '', '', 0, '', '', '', 1, '', '', '', '', 0, '', 0, 0, '', '', 0, '0.00', '0.00', '0.00', '0.00', '0.00');
INSERT INTO `qb_hr_sort` VALUES (6, 1, '互联网开发及应用', 1, 3, 0, 0, '', 0, 0, '', '', '', '', '', '', 0, '', '', '', 1, '', '', '', '', 0, '', 0, 0, '', '', 0, '0.00', '0.00', '0.00', '0.00', '0.00');
INSERT INTO `qb_hr_sort` VALUES (7, 3, '人力资源', 1, 3, 0, 0, '', 0, 0, '', '', '', '', '', '', 0, '', '', '', 1, '', '', '', '', 0, '', 0, 0, '', '', 0, '0.00', '0.00', '0.00', '0.00', '0.00');
INSERT INTO `qb_hr_sort` VALUES (8, 3, '高级管理', 1, 3, 0, 0, '', 0, 0, '', '', '', '', '', '', 0, '', '', '', 1, '', '', '', '', 0, '', 0, 0, '', '', 0, '0.00', '0.00', '0.00', '0.00', '0.00');
INSERT INTO `qb_hr_sort` VALUES (9, 3, '行政/后勤', 1, 3, 0, 0, '', 0, 0, '', '', '', '', '', '', 0, '', '', '', 1, '', '', '', '', 0, '', 0, 0, '', '', 0, '0.00', '0.00', '0.00', '0.00', '0.00');
INSERT INTO `qb_hr_sort` VALUES (10, 2, '销售人员', 1, 3, 0, 0, '', 0, 0, '', '', '', '', '', '', 0, '', '', '', 1, '', '', '', '', 0, '', 0, 0, '', '', 0, '0.00', '0.00', '0.00', '0.00', '0.00');
INSERT INTO `qb_hr_sort` VALUES (11, 2, '客服及技术支持', 1, 3, 0, 0, '', 0, 0, '', '', '', '', '', '', 0, '', '', '', 1, '', '', '', '', 0, '', 0, 0, '', '', 0, '0.00', '0.00', '0.00', '0.00', '0.00');
